Tanggal,Kota,Tingkat Vaksinasi,Dalam atau Luar Jawa Bali,Jumlah Penduduk
07/05/2021,Jakarta,22.70%,0,10562088
07/06/2021,Jakarta,22.73%,0,10562088
07/07/2021,Jakarta,22.76%,0,10562088
07/08/2021,Jakarta,22.80%,0,10562088
07/09/2021,Jakarta,22.83%,0,10562088
07/10/2021,Jakarta,22.84%,0,10562088
07/11/2021,Jakarta,22.85%,0,10562088
07/12/2021,Jakarta,22.89%,0,10562088
07/13/2021,Jakarta,22.93%,0,10562088
07/14/2021,Jakarta,22.97%,0,10562088
07/15/2021,Jakarta,23.00%,0,10562088
07/16/2021,Jakarta,23.04%,0,10562088
07/17/2021,Jakarta,23.09%,0,10562088
07/18/2021,Jakarta,23.11%,0,10562088
07/19/2021,Jakarta,23.28%,0,10562088
07/20/2021,Jakarta,23.28%,0,10562088
07/21/2021,Jakarta,23.75%,0,10562088
07/22/2021,Jakarta,24.37%,0,10562088
07/23/2021,Jakarta,25.12%,0,10562088
07/24/2021,Jakarta,25.47%,0,10562088
07/25/2021,Jakarta,25.66%,0,10562088
07/26/2021,Jakarta,26.62%,0,10562088
07/27/2021,Jakarta,27.64%,0,10562088
07/28/2021,Jakarta,28.92%,0,10562088
07/29/2021,Jakarta,30.31%,0,10562088
07/30/2021,Jakarta,31.79%,0,10562088
07/31/2021,Jakarta,32.37%,0,10562088
08/01/2021,Jakarta,32.71%,0,10562088
08/02/2021,Jakarta,34.13%,0,10562088
08/03/2021,Jakarta,35.51%,0,10562088
08/04/2021,Jakarta,37.03%,0,10562088
08/05/2021,Jakarta,37.07%,0,10562088
07/05/2021,Bali,22.33%,0,4317404
07/06/2021,Bali,22.37%,0,4317404
07/07/2021,Bali,22.41%,0,4317404
07/08/2021,Bali,22.44%,0,4317404
07/09/2021,Bali,22.47%,0,4317404
07/10/2021,Bali,22.53%,0,4317404
07/11/2021,Bali,22.53%,0,4317404
07/12/2021,Bali,22.58%,0,4317404
07/13/2021,Bali,22.62%,0,4317404
07/14/2021,Bali,22.68%,0,4317404
07/15/2021,Bali,22.72%,0,4317404
07/16/2021,Bali,22.77%,0,4317404
07/17/2021,Bali,22.86%,0,4317404
07/18/2021,Bali,22.86%,0,4317404
07/19/2021,Bali,22.97%,0,4317404
07/20/2021,Bali,22.97%,0,4317404
07/21/2021,Bali,23.06%,0,4317404
07/22/2021,Bali,23.11%,0,4317404
07/23/2021,Bali,23.17%,0,4317404
07/24/2021,Bali,23.26%,0,4317404
07/25/2021,Bali,23.26%,0,4317404
07/26/2021,Bali,23.33%,0,4317404
07/27/2021,Bali,23.42%,0,4317404
07/28/2021,Bali,23.74%,0,4317404
07/29/2021,Bali,24.23%,0,4317404
07/30/2021,Bali,24.88%,0,4317404
07/31/2021,Bali,25.60%,0,4317404
08/01/2021,Bali,25.70%,0,4317404
08/02/2021,Bali,26.51%,0,4317404
08/03/2021,Bali,27.70%,0,4317404
08/04/2021,Bali,28.85%,0,4317404
08/05/2021,Bali,29.91%,0,4317404
07/05/2021,yogyakarta,13.83%,0,3668719
07/06/2021,yogyakarta,13.85%,0,3668719
07/07/2021,yogyakarta,13.87%,0,3668719
07/08/2021,yogyakarta,13.91%,0,3668719
07/09/2021,yogyakarta,13.91%,0,3668719
07/10/2021,yogyakarta,13.93%,0,3668719
07/11/2021,yogyakarta,13.95%,0,3668719
07/12/2021,yogyakarta,13.96%,0,3668719
07/13/2021,yogyakarta,13.98%,0,3668719
07/14/2021,yogyakarta,13.99%,0,3668719
07/15/2021,yogyakarta,14.00%,0,3668719
07/16/2021,yogyakarta,14.00%,0,3668719
07/17/2021,yogyakarta,14.01%,0,3668719
07/18/2021,yogyakarta,14.01%,0,3668719
07/19/2021,yogyakarta,14.02%,0,3668719
07/20/2021,yogyakarta,14.02%,0,3668719
07/21/2021,yogyakarta,14.04%,0,3668719
07/22/2021,yogyakarta,14.08%,0,3668719
07/23/2021,yogyakarta,14.12%,0,3668719
07/24/2021,yogyakarta,14.39%,0,3668719
07/25/2021,yogyakarta,14.40%,0,3668719
07/26/2021,yogyakarta,14.48%,0,3668719
07/27/2021,yogyakarta,14.63%,0,3668719
07/28/2021,yogyakarta,14.76%,0,3668719
07/29/2021,yogyakarta,14.95%,0,3668719
07/30/2021,yogyakarta,15.04%,0,3668719
07/31/2021,yogyakarta,15.17%,0,3668719
08/01/2021,yogyakarta,15.20%,0,3668719
08/02/2021,yogyakarta,15.41%,0,3668719
08/03/2021,yogyakarta,15.69%,0,3668719
08/04/2021,yogyakarta,15.94%,0,3668719
08/05/2021,yogyakarta,16.16%,0,3668719
07/05/2021,Banten,4.95%,0,11904562
07/06/2021,Banten,5.03%,0,11904562
07/07/2021,Banten,5.12%,0,11904562
07/08/2021,Banten,5.20%,0,11904562
07/09/2021,Banten,5.25%,0,11904562
07/10/2021,Banten,5.27%,0,11904562
07/11/2021,Banten,5.27%,0,11904562
07/12/2021,Banten,5.31%,0,11904562
07/13/2021,Banten,5.45%,0,11904562
07/14/2021,Banten,5.56%,0,11904562
07/15/2021,Banten,5.70%,0,11904562
07/16/2021,Banten,5.79%,0,11904562
07/17/2021,Banten,5.88%,0,11904562
07/18/2021,Banten,5.89%,0,11904562
07/19/2021,Banten,5.97%,0,11904562
07/20/2021,Banten,5.97%,0,11904562
07/21/2021,Banten,6.12%,0,11904562
07/22/2021,Banten,6.33%,0,11904562
07/23/2021,Banten,6.50%,0,11904562
07/24/2021,Banten,6.64%,0,11904562
07/25/2021,Banten,6.64%,0,11904562
07/26/2021,Banten,6.83%,0,11904562
07/27/2021,Banten,7.44%,0,11904562
07/28/2021,Banten,7.49%,0,11904562
07/29/2021,Banten,8.20%,0,11904562
07/30/2021,Banten,8.41%,0,11904562
07/31/2021,Banten,8.60%,0,11904562
08/01/2021,Banten,8.63%,0,11904562
08/02/2021,Banten,8.90%,0,11904562
08/03/2021,Banten,9.15%,0,11904562
08/04/2021,Banten,9.42%,0,11904562
08/05/2021,Banten,9.48%,0,11904562
07/05/2021,Jawa tengah,6.51%,0,36516035
07/06/2021,Jawa tengah,6.63%,0,36516035
07/07/2021,Jawa tengah,6.78%,0,36516035
07/08/2021,Jawa tengah,6.95%,0,36516035
07/09/2021,Jawa tengah,7.02%,0,36516035
07/10/2021,Jawa tengah,7.12%,0,36516035
07/11/2021,Jawa tengah,7.12%,0,36516035
07/12/2021,Jawa tengah,7.25%,0,36516035
07/13/2021,Jawa tengah,7.38%,0,36516035
07/14/2021,Jawa tengah,7.51%,0,36516035
07/15/2021,Jawa tengah,7.64%,0,36516035
07/16/2021,Jawa tengah,7.73%,0,36516035
07/17/2021,Jawa tengah,7.83%,0,36516035
07/18/2021,Jawa tengah,7.84%,0,36516035
07/19/2021,Jawa tengah,7.94%,0,36516035
07/20/2021,Jawa tengah,7.94%,0,36516035
07/21/2021,Jawa tengah,8.11%,0,36516035
07/22/2021,Jawa tengah,8.30%,0,36516035
07/23/2021,Jawa tengah,8.41%,0,36516035
07/24/2021,Jawa tengah,8.78%,0,36516035
07/25/2021,Jawa tengah,8.79%,0,36516035
07/26/2021,Jawa tengah,8.99%,0,36516035
07/27/2021,Jawa tengah,9.18%,0,36516035
07/28/2021,Jawa tengah,9.37%,0,36516035
07/29/2021,Jawa tengah,9.57%,0,36516035
07/30/2021,Jawa tengah,9.69%,0,36516035
07/31/2021,Jawa tengah,9.83%,0,36516035
08/01/2021,Jawa tengah,9.85%,0,36516035
08/02/2021,Jawa tengah,10.03%,0,36516035
08/03/2021,Jawa tengah,10.20%,0,36516035
08/04/2021,Jawa tengah,10.39%,0,36516035
08/05/2021,Jawa tengah,10.58%,0,36516035
07/05/2021,Jawa Barat,5.20%,0,48274162
07/06/2021,Jawa Barat,5.27%,0,48274162
07/07/2021,Jawa Barat,5.34%,0,48274162
07/08/2021,Jawa Barat,5.43%,0,48274162
07/09/2021,Jawa Barat,5.50%,0,48274162
07/10/2021,Jawa Barat,5.54%,0,48274162
07/11/2021,Jawa Barat,5.55%,0,48274162
07/12/2021,Jawa Barat,5.62%,0,48274162
07/13/2021,Jawa Barat,5.69%,0,48274162
07/14/2021,Jawa Barat,5.78%,0,48274162
07/15/2021,Jawa Barat,5.86%,0,48274162
07/16/2021,Jawa Barat,5.92%,0,48274162
07/17/2021,Jawa Barat,5.96%,0,48274162
07/18/2021,Jawa Barat,5.96%,0,48274162
07/19/2021,Jawa Barat,6.03%,0,48274162
07/20/2021,Jawa Barat,6.03%,0,48274162
07/21/2021,Jawa Barat,6.14%,0,48274162
07/22/2021,Jawa Barat,6.28%,0,48274162
07/23/2021,Jawa Barat,6.36%,0,48274162
07/24/2021,Jawa Barat,6.62%,0,48274162
07/25/2021,Jawa Barat,6.63%,0,48274162
07/26/2021,Jawa Barat,6.77%,0,48274162
07/27/2021,Jawa Barat,6.92%,0,48274162
07/28/2021,Jawa Barat,7.08%,0,48274162
07/29/2021,Jawa Barat,7.25%,0,48274162
07/30/2021,Jawa Barat,7.36%,0,48274162
07/31/2021,Jawa Barat,7.48%,0,48274162
08/01/2021,Jawa Barat,7.49%,0,48274162
08/02/2021,Jawa Barat,7.63%,0,48274162
08/03/2021,Jawa Barat,7.84%,0,48274162
08/04/2021,Jawa Barat,8.04%,0,48274162
08/05/2021,Jawa Barat,8.18%,0,48274162
07/05/2021,Jawa Timur,7.00%,0,40665696
07/06/2021,Jawa Timur,7.11%,0,40665696
07/07/2021,Jawa Timur,7.22%,0,40665696
07/08/2021,Jawa Timur,7.36%,0,40665696
07/09/2021,Jawa Timur,7.45%,0,40665696
07/10/2021,Jawa Timur,7.54%,0,40665696
07/11/2021,Jawa Timur,7.55%,0,40665696
07/12/2021,Jawa Timur,7.69%,0,40665696
07/13/2021,Jawa Timur,7.82%,0,40665696
07/14/2021,Jawa Timur,7.96%,0,40665696
07/15/2021,Jawa Timur,8.11%,0,40665696
07/16/2021,Jawa Timur,8.19%,0,40665696
07/17/2021,Jawa Timur,8.27%,0,40665696
07/18/2021,Jawa Timur,8.28%,0,40665696
07/19/2021,Jawa Timur,8.37%,0,40665696
07/20/2021,Jawa Timur,8.37%,0,40665696
07/21/2021,Jawa Timur,8.52%,0,40665696
07/22/2021,Jawa Timur,8.69%,0,40665696
07/23/2021,Jawa Timur,8.78%,0,40665696
07/24/2021,Jawa Timur,8.95%,0,40665696
07/25/2021,Jawa Timur,8.97%,0,40665696
07/26/2021,Jawa Timur,9.16%,0,40665696
07/27/2021,Jawa Timur,9.35%,0,40665696
07/28/2021,Jawa Timur,9.53%,0,40665696
07/29/2021,Jawa Timur,9.72%,0,40665696
07/30/2021,Jawa Timur,9.83%,0,40665696
07/31/2021,Jawa Timur,9.95%,0,40665696
08/01/2021,Jawa Timur,9.97%,0,40665696
08/02/2021,Jawa Timur,10.13%,0,40665696
08/03/2021,Jawa Timur,10.30%,0,40665696
08/04/2021,Jawa Timur,10.51%,0,40665696
08/05/2021,Jawa Timur,10.74%,0,40665696
07/05/2021,Kep. Riau,8.39%,1,2064564
07/06/2021,Kep. Riau,8.51%,1,2064564
07/07/2021,Kep. Riau,8.72%,1,2064564
07/08/2021,Kep. Riau,8.88%,1,2064564
07/09/2021,Kep. Riau,9.01%,1,2064564
07/10/2021,Kep. Riau,9.14%,1,2064564
07/11/2021,Kep. Riau,9.26%,1,2064564
07/12/2021,Kep. Riau,9.48%,1,2064564
07/13/2021,Kep. Riau,9.73%,1,2064564
07/14/2021,Kep. Riau,10.03%,1,2064564
07/15/2021,Kep. Riau,10.38%,1,2064564
07/16/2021,Kep. Riau,10.66%,1,2064564
07/17/2021,Kep. Riau,11.02%,1,2064564
07/18/2021,Kep. Riau,11.44%,1,2064564
07/19/2021,Kep. Riau,11.56%,1,2064564
07/20/2021,Kep. Riau,11.56%,1,2064564
07/21/2021,Kep. Riau,11.82%,1,2064564
07/22/2021,Kep. Riau,12.00%,1,2064564
07/23/2021,Kep. Riau,12.30%,1,2064564
07/24/2021,Kep. Riau,12.65%,1,2064564
07/25/2021,Kep. Riau,12.73%,1,2064564
07/26/2021,Kep. Riau,13.19%,1,2064564
07/27/2021,Kep. Riau,13.87%,1,2064564
07/28/2021,Kep. Riau,14.16%,1,2064564
07/29/2021,Kep. Riau,14.53%,1,2064564
07/30/2021,Kep. Riau,14.83%,1,2064564
07/31/2021,Kep. Riau,15.05%,1,2064564
08/01/2021,Kep. Riau,15.06%,1,2064564
08/02/2021,Kep. Riau,15.29%,1,2064564
08/03/2021,Kep. Riau,15.58%,1,2064564
08/04/2021,Kep. Riau,16.01%,1,2064564
08/05/2021,Kep. Riau,16.70%,1,2064564
07/05/2021,Sulawesi Utara,7.03%,1,2621923
07/06/2021,Sulawesi Utara,7.13%,1,2621923
07/07/2021,Sulawesi Utara,7.22%,1,2621923
07/08/2021,Sulawesi Utara,7.30%,1,2621923
07/09/2021,Sulawesi Utara,7.41%,1,2621923
07/10/2021,Sulawesi Utara,7.42%,1,2621923
07/11/2021,Sulawesi Utara,7.42%,1,2621923
07/12/2021,Sulawesi Utara,7.51%,1,2621923
07/13/2021,Sulawesi Utara,7.58%,1,2621923
07/14/2021,Sulawesi Utara,7.66%,1,2621923
07/15/2021,Sulawesi Utara,7.72%,1,2621923
07/16/2021,Sulawesi Utara,7.77%,1,2621923
07/17/2021,Sulawesi Utara,7.80%,1,2621923
07/18/2021,Sulawesi Utara,7.80%,1,2621923
07/19/2021,Sulawesi Utara,7.84%,1,2621923
07/20/2021,Sulawesi Utara,7.85%,1,2621923
07/21/2021,Sulawesi Utara,7.93%,1,2621923
07/22/2021,Sulawesi Utara,8.00%,1,2621923
07/23/2021,Sulawesi Utara,8.13%,1,2621923
07/24/2021,Sulawesi Utara,8.31%,1,2621923
07/25/2021,Sulawesi Utara,8.31%,1,2621923
07/26/2021,Sulawesi Utara,8.47%,1,2621923
07/27/2021,Sulawesi Utara,8.71%,1,2621923
07/28/2021,Sulawesi Utara,9.02%,1,2621923
07/29/2021,Sulawesi Utara,9.26%,1,2621923
07/30/2021,Sulawesi Utara,9.46%,1,2621923
07/31/2021,Sulawesi Utara,9.56%,1,2621923
08/01/2021,Sulawesi Utara,9.57%,1,2621923
08/02/2021,Sulawesi Utara,9.86%,1,2621923
08/03/2021,Sulawesi Utara,10.19%,1,2621923
08/04/2021,Sulawesi Utara,10.63%,1,2621923
08/05/2021,Sulawesi Utara,11.03%,1,2621923
07/05/2021,Jambi,5.30%,1,3548228
07/06/2021,Jambi,5.50%,1,3548228
07/07/2021,Jambi,5.71%,1,3548228
07/08/2021,Jambi,5.88%,1,3548228
07/09/2021,Jambi,5.96%,1,3548228
07/10/2021,Jambi,6.09%,1,3548228
07/11/2021,Jambi,6.10%,1,3548228
07/12/2021,Jambi,6.28%,1,3548228
07/13/2021,Jambi,6.47%,1,3548228
07/14/2021,Jambi,6.63%,1,3548228
07/15/2021,Jambi,6.78%,1,3548228
07/16/2021,Jambi,6.86%,1,3548228
07/17/2021,Jambi,6.94%,1,3548228
07/18/2021,Jambi,6.94%,1,3548228
07/19/2021,Jambi,7.02%,1,3548228
07/20/2021,Jambi,7.03%,1,3548228
07/21/2021,Jambi,7.11%,1,3548228
07/22/2021,Jambi,7.26%,1,3548228
07/23/2021,Jambi,7.34%,1,3548228
07/24/2021,Jambi,7.68%,1,3548228
07/25/2021,Jambi,7.75%,1,3548228
07/26/2021,Jambi,8.11%,1,3548228
07/27/2021,Jambi,8.38%,1,3548228
07/28/2021,Jambi,8.68%,1,3548228
07/29/2021,Jambi,9.05%,1,3548228
07/30/2021,Jambi,9.30%,1,3548228
07/31/2021,Jambi,9.54%,1,3548228
08/01/2021,Jambi,9.56%,1,3548228
08/02/2021,Jambi,9.87%,1,3548228
08/03/2021,Jambi,10.15%,1,3548228
08/04/2021,Jambi,10.41%,1,3548228
08/05/2021,Jambi,10.66%,1,3548228
07/05/2021,Gorontalo,6.71%,1,1171681
07/06/2021,Gorontalo,6.82%,1,1171681
07/07/2021,Gorontalo,6.93%,1,1171681
07/08/2021,Gorontalo,7.03%,1,1171681
07/09/2021,Gorontalo,7.12%,1,1171681
07/10/2021,Gorontalo,7.16%,1,1171681
07/11/2021,Gorontalo,7.16%,1,1171681
07/12/2021,Gorontalo,7.31%,1,1171681
07/13/2021,Gorontalo,7.48%,1,1171681
07/14/2021,Gorontalo,7.65%,1,1171681
07/15/2021,Gorontalo,7.87%,1,1171681
07/16/2021,Gorontalo,7.98%,1,1171681
07/17/2021,Gorontalo,8.09%,1,1171681
07/18/2021,Gorontalo,8.10%,1,1171681
07/19/2021,Gorontalo,8.30%,1,1171681
07/20/2021,Gorontalo,8.30%,1,1171681
07/21/2021,Gorontalo,8.43%,1,1171681
07/22/2021,Gorontalo,8.63%,1,1171681
07/23/2021,Gorontalo,8.74%,1,1171681
07/24/2021,Gorontalo,8.94%,1,1171681
07/25/2021,Gorontalo,8.97%,1,1171681
07/26/2021,Gorontalo,9.24%,1,1171681
07/27/2021,Gorontalo,9.45%,1,1171681
07/28/2021,Gorontalo,9.77%,1,1171681
07/29/2021,Gorontalo,10.12%,1,1171681
07/30/2021,Gorontalo,10.27%,1,1171681
07/31/2021,Gorontalo,10.42%,1,1171681
08/01/2021,Gorontalo,10.44%,1,1171681
08/02/2021,Gorontalo,10.65%,1,1171681
08/03/2021,Gorontalo,10.85%,1,1171681
08/04/2021,Gorontalo,11.05%,1,1171681
08/05/2021,Gorontalo,11.19%,1,1171681
07/05/2021,Kalimantan Tengah,8.42%,1,2669969
07/06/2021,Kalimantan Tengah,8.57%,1,2669969
07/07/2021,Kalimantan Tengah,8.80%,1,2669969
07/08/2021,Kalimantan Tengah,9.02%,1,2669969
07/09/2021,Kalimantan Tengah,9.18%,1,2669969
07/10/2021,Kalimantan Tengah,9.52%,1,2669969
07/11/2021,Kalimantan Tengah,9.53%,1,2669969
07/12/2021,Kalimantan Tengah,9.72%,1,2669969
07/13/2021,Kalimantan Tengah,9.83%,1,2669969
07/14/2021,Kalimantan Tengah,9.94%,1,2669969
07/15/2021,Kalimantan Tengah,10.05%,1,2669969
07/16/2021,Kalimantan Tengah,10.15%,1,2669969
07/17/2021,Kalimantan Tengah,10.32%,1,2669969
07/18/2021,Kalimantan Tengah,10.35%,1,2669969
07/19/2021,Kalimantan Tengah,10.44%,1,2669969
07/20/2021,Kalimantan Tengah,10.44%,1,2669969
07/21/2021,Kalimantan Tengah,10.54%,1,2669969
07/22/2021,Kalimantan Tengah,10.67%,1,2669969
07/23/2021,Kalimantan Tengah,10.76%,1,2669969
07/24/2021,Kalimantan Tengah,10.93%,1,2669969
07/25/2021,Kalimantan Tengah,10.93%,1,2669969
07/26/2021,Kalimantan Tengah,11.11%,1,2669969
07/27/2021,Kalimantan Tengah,11.29%,1,2669969
07/28/2021,Kalimantan Tengah,11.46%,1,2669969
07/29/2021,Kalimantan Tengah,11.59%,1,2669969
07/30/2021,Kalimantan Tengah,11.66%,1,2669969
07/31/2021,Kalimantan Tengah,11.74%,1,2669969
08/01/2021,Kalimantan Tengah,11.74%,1,2669969
08/02/2021,Kalimantan Tengah,11.81%,1,2669969
08/03/2021,Kalimantan Tengah,12.08%,1,2669969
08/04/2021,Kalimantan Tengah,12.27%,1,2669969
08/05/2021,Kalimantan Tengah,12.76%,1,2669969
07/05/2021,Sulawesi Selatan,6.65%,1,9073509
07/06/2021,Sulawesi Selatan,6.75%,1,9073509
07/07/2021,Sulawesi Selatan,6.84%,1,9073509
07/08/2021,Sulawesi Selatan,6.90%,1,9073509
07/09/2021,Sulawesi Selatan,6.94%,1,9073509
07/10/2021,Sulawesi Selatan,7.00%,1,9073509
07/11/2021,Sulawesi Selatan,7.00%,1,9073509
07/12/2021,Sulawesi Selatan,7.09%,1,9073509
07/13/2021,Sulawesi Selatan,7.15%,1,9073509
07/14/2021,Sulawesi Selatan,7.22%,1,9073509
07/15/2021,Sulawesi Selatan,7.29%,1,9073509
07/16/2021,Sulawesi Selatan,7.35%,1,9073509
07/17/2021,Sulawesi Selatan,7.43%,1,9073509
07/18/2021,Sulawesi Selatan,7.43%,1,9073509
07/19/2021,Sulawesi Selatan,7.47%,1,9073509
07/20/2021,Sulawesi Selatan,7.47%,1,9073509
07/21/2021,Sulawesi Selatan,7.53%,1,9073509
07/22/2021,Sulawesi Selatan,7.66%,1,9073509
07/23/2021,Sulawesi Selatan,7.76%,1,9073509
07/24/2021,Sulawesi Selatan,8.18%,1,9073509
07/25/2021,Sulawesi Selatan,8.22%,1,9073509
07/26/2021,Sulawesi Selatan,8.44%,1,9073509
07/27/2021,Sulawesi Selatan,8.63%,1,9073509
07/28/2021,Sulawesi Selatan,8.79%,1,9073509
07/29/2021,Sulawesi Selatan,8.96%,1,9073509
07/30/2021,Sulawesi Selatan,9.08%,1,9073509
07/31/2021,Sulawesi Selatan,9.19%,1,9073509
08/01/2021,Sulawesi Selatan,9.21%,1,9073509
08/02/2021,Sulawesi Selatan,9.32%,1,9073509
08/03/2021,Sulawesi Selatan,9.47%,1,9073509
08/04/2021,Sulawesi Selatan,9.76%,1,9073509
08/05/2021,Sulawesi Selatan,10.06%,1,9073509
07/05/2021,Papua Barat,5.92%,1,1134068
07/06/2021,Papua Barat,6.05%,1,1134068
07/07/2021,Papua Barat,6.14%,1,1134068
07/08/2021,Papua Barat,6.23%,1,1134068
07/09/2021,Papua Barat,6.32%,1,1134068
07/10/2021,Papua Barat,6.38%,1,1134068
07/11/2021,Papua Barat,6.38%,1,1134068
07/12/2021,Papua Barat,6.44%,1,1134068
07/13/2021,Papua Barat,6.49%,1,1134068
07/14/2021,Papua Barat,6.54%,1,1134068
07/15/2021,Papua Barat,6.68%,1,1134068
07/16/2021,Papua Barat,6.77%,1,1134068
07/17/2021,Papua Barat,6.87%,1,1134068
07/18/2021,Papua Barat,6.89%,1,1134068
07/19/2021,Papua Barat,6.97%,1,1134068
07/20/2021,Papua Barat,6.99%,1,1134068
07/21/2021,Papua Barat,7.06%,1,1134068
07/22/2021,Papua Barat,7.13%,1,1134068
07/23/2021,Papua Barat,7.20%,1,1134068
07/24/2021,Papua Barat,7.52%,1,1134068
07/25/2021,Papua Barat,7.54%,1,1134068
07/26/2021,Papua Barat,7.74%,1,1134068
07/27/2021,Papua Barat,7.84%,1,1134068
07/28/2021,Papua Barat,8.01%,1,1134068
07/29/2021,Papua Barat,8.15%,1,1134068
07/30/2021,Papua Barat,8.23%,1,1134068
07/31/2021,Papua Barat,8.37%,1,1134068
08/01/2021,Papua Barat,8.42%,1,1134068
08/02/2021,Papua Barat,8.63%,1,1134068
08/03/2021,Papua Barat,8.88%,1,1134068
08/04/2021,Papua Barat,9.15%,1,1134068
08/05/2021,Papua Barat,9.36%,1,1134068
07/05/2021,Sulawesi Tenggara,4.97%,1,2624875
07/06/2021,Sulawesi Tenggara,5.05%,1,2624875
07/07/2021,Sulawesi Tenggara,5.14%,1,2624875
07/08/2021,Sulawesi Tenggara,5.25%,1,2624875
07/09/2021,Sulawesi Tenggara,5.32%,1,2624875
07/10/2021,Sulawesi Tenggara,5.37%,1,2624875
07/11/2021,Sulawesi Tenggara,5.38%,1,2624875
07/12/2021,Sulawesi Tenggara,5.46%,1,2624875
07/13/2021,Sulawesi Tenggara,5.58%,1,2624875
07/14/2021,Sulawesi Tenggara,5.68%,1,2624875
07/15/2021,Sulawesi Tenggara,5.83%,1,2624875
07/16/2021,Sulawesi Tenggara,5.95%,1,2624875
07/17/2021,Sulawesi Tenggara,6.03%,1,2624875
07/18/2021,Sulawesi Tenggara,6.04%,1,2624875
07/19/2021,Sulawesi Tenggara,6.08%,1,2624875
07/20/2021,Sulawesi Tenggara,6.08%,1,2624875
07/21/2021,Sulawesi Tenggara,6.15%,1,2624875
07/22/2021,Sulawesi Tenggara,6.28%,1,2624875
07/23/2021,Sulawesi Tenggara,6.33%,1,2624875
07/24/2021,Sulawesi Tenggara,6.70%,1,2624875
07/25/2021,Sulawesi Tenggara,6.70%,1,2624875
07/26/2021,Sulawesi Tenggara,6.88%,1,2624875
07/27/2021,Sulawesi Tenggara,7.00%,1,2624875
07/28/2021,Sulawesi Tenggara,7.21%,1,2624875
07/29/2021,Sulawesi Tenggara,7.33%,1,2624875
07/30/2021,Sulawesi Tenggara,7.44%,1,2624875
07/31/2021,Sulawesi Tenggara,7.52%,1,2624875
08/01/2021,Sulawesi Tenggara,7.52%,1,2624875
08/02/2021,Sulawesi Tenggara,7.68%,1,2624875
08/03/2021,Sulawesi Tenggara,7.86%,1,2624875
08/04/2021,Sulawesi Tenggara,8.12%,1,2624875
08/05/2021,Sulawesi Tenggara,8.44%,1,2624875
07/05/2021,Bangka Belitung,6.78%,1,1455678
07/06/2021,Bangka Belitung,6.90%,1,1455678
07/07/2021,Bangka Belitung,7.12%,1,1455678
07/08/2021,Bangka Belitung,7.29%,1,1455678
07/09/2021,Bangka Belitung,7.35%,1,1455678
07/10/2021,Bangka Belitung,7.41%,1,1455678
07/11/2021,Bangka Belitung,7.41%,1,1455678
07/12/2021,Bangka Belitung,7.57%,1,1455678
07/13/2021,Bangka Belitung,7.67%,1,1455678
07/14/2021,Bangka Belitung,7.77%,1,1455678
07/15/2021,Bangka Belitung,7.95%,1,1455678
07/16/2021,Bangka Belitung,8.02%,1,1455678
07/17/2021,Bangka Belitung,8.13%,1,1455678
07/18/2021,Bangka Belitung,8.13%,1,1455678
07/19/2021,Bangka Belitung,8.20%,1,1455678
07/20/2021,Bangka Belitung,8.20%,1,1455678
07/21/2021,Bangka Belitung,8.28%,1,1455678
07/22/2021,Bangka Belitung,8.53%,1,1455678
07/23/2021,Bangka Belitung,8.74%,1,1455678
07/24/2021,Bangka Belitung,9.23%,1,1455678
07/25/2021,Bangka Belitung,9.23%,1,1455678
07/26/2021,Bangka Belitung,9.64%,1,1455678
07/27/2021,Bangka Belitung,10.13%,1,1455678
07/28/2021,Bangka Belitung,10.47%,1,1455678
07/29/2021,Bangka Belitung,10.75%,1,1455678
07/30/2021,Bangka Belitung,10.92%,1,1455678
07/31/2021,Bangka Belitung,11.01%,1,1455678
08/01/2021,Bangka Belitung,11.01%,1,1455678
08/02/2021,Bangka Belitung,11.09%,1,1455678
08/03/2021,Bangka Belitung,11.39%,1,1455678
08/04/2021,Bangka Belitung,11.65%,1,1455678
08/05/2021,Bangka Belitung,11.90%,1,1455678
07/05/2021,Riau,8.12%,1,6394087
07/06/2021,Riau,8.39%,1,6394087
07/07/2021,Riau,8.66%,1,6394087
07/08/2021,Riau,8.94%,1,6394087
07/09/2021,Riau,9.11%,1,6394087
07/10/2021,Riau,9.30%,1,6394087
07/11/2021,Riau,9.34%,1,6394087
07/12/2021,Riau,9.54%,1,6394087
07/13/2021,Riau,9.71%,1,6394087
07/14/2021,Riau,9.83%,1,6394087
07/15/2021,Riau,9.94%,1,6394087
07/16/2021,Riau,10.00%,1,6394087
07/17/2021,Riau,10.05%,1,6394087
07/18/2021,Riau,10.06%,1,6394087
07/19/2021,Riau,10.10%,1,6394087
07/20/2021,Riau,10.10%,1,6394087
07/21/2021,Riau,10.14%,1,6394087
07/22/2021,Riau,10.20%,1,6394087
07/23/2021,Riau,10.25%,1,6394087
07/24/2021,Riau,10.71%,1,6394087
07/25/2021,Riau,10.80%,1,6394087
07/26/2021,Riau,11.04%,1,6394087
07/27/2021,Riau,11.20%,1,6394087
07/28/2021,Riau,11.30%,1,6394087
07/29/2021,Riau,11.42%,1,6394087
07/30/2021,Riau,11.49%,1,6394087
07/31/2021,Riau,11.58%,1,6394087
08/01/2021,Riau,11.59%,1,6394087
08/02/2021,Riau,11.69%,1,6394087
08/03/2021,Riau,11.75%,1,6394087
08/04/2021,Riau,11.85%,1,6394087
08/05/2021,Riau,11.94%,1,6394087
07/05/2021,Kalimantan Timur,8.10%,1,3766039
07/06/2021,Kalimantan Timur,8.18%,1,3766039
07/07/2021,Kalimantan Timur,8.31%,1,3766039
07/08/2021,Kalimantan Timur,8.38%,1,3766039
07/09/2021,Kalimantan Timur,8.44%,1,3766039
07/10/2021,Kalimantan Timur,8.51%,1,3766039
07/11/2021,Kalimantan Timur,8.51%,1,3766039
07/12/2021,Kalimantan Timur,8.61%,1,3766039
07/13/2021,Kalimantan Timur,8.73%,1,3766039
07/14/2021,Kalimantan Timur,8.79%,1,3766039
07/15/2021,Kalimantan Timur,8.90%,1,3766039
07/16/2021,Kalimantan Timur,8.94%,1,3766039
07/17/2021,Kalimantan Timur,9.14%,1,3766039
07/18/2021,Kalimantan Timur,9.15%,1,3766039
07/19/2021,Kalimantan Timur,9.20%,1,3766039
07/20/2021,Kalimantan Timur,9.20%,1,3766039
07/21/2021,Kalimantan Timur,9.28%,1,3766039
07/22/2021,Kalimantan Timur,9.38%,1,3766039
07/23/2021,Kalimantan Timur,9.43%,1,3766039
07/24/2021,Kalimantan Timur,10.02%,1,3766039
07/25/2021,Kalimantan Timur,10.09%,1,3766039
07/26/2021,Kalimantan Timur,10.29%,1,3766039
07/27/2021,Kalimantan Timur,10.51%,1,3766039
07/28/2021,Kalimantan Timur,10.72%,1,3766039
07/29/2021,Kalimantan Timur,10.84%,1,3766039
07/30/2021,Kalimantan Timur,10.93%,1,3766039
07/31/2021,Kalimantan Timur,11.04%,1,3766039
08/01/2021,Kalimantan Timur,11.05%,1,3766039
08/02/2021,Kalimantan Timur,11.17%,1,3766039
08/03/2021,Kalimantan Timur,11.37%,1,3766039
08/04/2021,Kalimantan Timur,11.69%,1,3766039
08/05/2021,Kalimantan Timur,11.79%,1,3766039
07/05/2021,Kalimantan Utara,5.55%,1,701814
07/06/2021,Kalimantan Utara,5.60%,1,701814
07/07/2021,Kalimantan Utara,5.67%,1,701814
07/08/2021,Kalimantan Utara,5.91%,1,701814
07/09/2021,Kalimantan Utara,5.98%,1,701814
07/10/2021,Kalimantan Utara,6.03%,1,701814
07/11/2021,Kalimantan Utara,6.03%,1,701814
07/12/2021,Kalimantan Utara,6.13%,1,701814
07/13/2021,Kalimantan Utara,6.20%,1,701814
07/14/2021,Kalimantan Utara,6.31%,1,701814
07/15/2021,Kalimantan Utara,6.40%,1,701814
07/16/2021,Kalimantan Utara,6.46%,1,701814
07/17/2021,Kalimantan Utara,6.54%,1,701814
07/18/2021,Kalimantan Utara,6.54%,1,701814
07/19/2021,Kalimantan Utara,6.63%,1,701814
07/20/2021,Kalimantan Utara,6.64%,1,701814
07/21/2021,Kalimantan Utara,6.68%,1,701814
07/22/2021,Kalimantan Utara,7.00%,1,701814
07/23/2021,Kalimantan Utara,7.03%,1,701814
07/24/2021,Kalimantan Utara,7.34%,1,701814
07/25/2021,Kalimantan Utara,7.37%,1,701814
07/26/2021,Kalimantan Utara,7.49%,1,701814
07/27/2021,Kalimantan Utara,7.56%,1,701814
07/28/2021,Kalimantan Utara,7.62%,1,701814
07/29/2021,Kalimantan Utara,7.73%,1,701814
07/30/2021,Kalimantan Utara,7.83%,1,701814
07/31/2021,Kalimantan Utara,7.97%,1,701814
08/01/2021,Kalimantan Utara,7.98%,1,701814
08/02/2021,Kalimantan Utara,8.09%,1,701814
08/03/2021,Kalimantan Utara,8.14%,1,701814
08/04/2021,Kalimantan Utara,8.26%,1,701814
08/05/2021,Kalimantan Utara,8.42%,1,701814
07/05/2021,Sumatera Utara,5.22%,1,14799361
07/06/2021,Sumatera Utara,5.38%,1,14799361
07/07/2021,Sumatera Utara,5.55%,1,14799361
07/08/2021,Sumatera Utara,5.71%,1,14799361
07/09/2021,Sumatera Utara,5.82%,1,14799361
07/10/2021,Sumatera Utara,5.86%,1,14799361
07/11/2021,Sumatera Utara,5.86%,1,14799361
07/12/2021,Sumatera Utara,5.98%,1,14799361
07/13/2021,Sumatera Utara,6.11%,1,14799361
07/14/2021,Sumatera Utara,6.26%,1,14799361
07/15/2021,Sumatera Utara,6.41%,1,14799361
07/16/2021,Sumatera Utara,6.53%,1,14799361
07/17/2021,Sumatera Utara,6.57%,1,14799361
07/18/2021,Sumatera Utara,6.57%,1,14799361
07/19/2021,Sumatera Utara,6.63%,1,14799361
07/20/2021,Sumatera Utara,6.64%,1,14799361
07/21/2021,Sumatera Utara,6.77%,1,14799361
07/22/2021,Sumatera Utara,6.91%,1,14799361
07/23/2021,Sumatera Utara,7.08%,1,14799361
07/24/2021,Sumatera Utara,7.50%,1,14799361
07/25/2021,Sumatera Utara,7.56%,1,14799361
07/26/2021,Sumatera Utara,7.87%,1,14799361
07/27/2021,Sumatera Utara,8.17%,1,14799361
07/28/2021,Sumatera Utara,8.43%,1,14799361
07/29/2021,Sumatera Utara,8.59%,1,14799361
07/30/2021,Sumatera Utara,8.72%,1,14799361
07/31/2021,Sumatera Utara,8.85%,1,14799361
08/01/2021,Sumatera Utara,8.92%,1,14799361
08/02/2021,Sumatera Utara,9.06%,1,14799361
08/03/2021,Sumatera Utara,9.22%,1,14799361
08/04/2021,Sumatera Utara,9.40%,1,14799361
08/05/2021,Sumatera Utara,9.59%,1,14799361
07/05/2021,Aceh,3.79%,1,5274871
07/06/2021,Aceh,3.99%,1,5274871
07/07/2021,Aceh,4.19%,1,5274871
07/08/2021,Aceh,4.36%,1,5274871
07/09/2021,Aceh,4.50%,1,5274871
07/10/2021,Aceh,4.57%,1,5274871
07/11/2021,Aceh,4.59%,1,5274871
07/12/2021,Aceh,4.77%,1,5274871
07/13/2021,Aceh,4.94%,1,5274871
07/14/2021,Aceh,5.11%,1,5274871
07/15/2021,Aceh,5.25%,1,5274871
07/16/2021,Aceh,5.38%,1,5274871
07/17/2021,Aceh,5.45%,1,5274871
07/18/2021,Aceh,5.46%,1,5274871
07/19/2021,Aceh,5.50%,1,5274871
07/20/2021,Aceh,5.51%,1,5274871
07/21/2021,Aceh,5.54%,1,5274871
07/22/2021,Aceh,5.62%,1,5274871
07/23/2021,Aceh,5.69%,1,5274871
07/24/2021,Aceh,5.99%,1,5274871
07/25/2021,Aceh,6.06%,1,5274871
07/26/2021,Aceh,6.25%,1,5274871
07/27/2021,Aceh,6.37%,1,5274871
07/28/2021,Aceh,6.48%,1,5274871
07/29/2021,Aceh,6.58%,1,5274871
07/30/2021,Aceh,6.65%,1,5274871
07/31/2021,Aceh,6.78%,1,5274871
08/01/2021,Aceh,6.79%,1,5274871
08/02/2021,Aceh,6.95%,1,5274871
08/03/2021,Aceh,7.08%,1,5274871
08/04/2021,Aceh,7.21%,1,5274871
08/05/2021,Aceh,7.31%,1,5274871
07/05/2021,Sulawesi Barat,5.45%,1,1419229
07/06/2021,Sulawesi Barat,5.52%,1,1419229
07/07/2021,Sulawesi Barat,5.56%,1,1419229
07/08/2021,Sulawesi Barat,5.62%,1,1419229
07/09/2021,Sulawesi Barat,5.67%,1,1419229
07/10/2021,Sulawesi Barat,5.73%,1,1419229
07/11/2021,Sulawesi Barat,5.73%,1,1419229
07/12/2021,Sulawesi Barat,5.82%,1,1419229
07/13/2021,Sulawesi Barat,5.93%,1,1419229
07/14/2021,Sulawesi Barat,6.04%,1,1419229
07/15/2021,Sulawesi Barat,6.19%,1,1419229
07/16/2021,Sulawesi Barat,6.27%,1,1419229
07/17/2021,Sulawesi Barat,6.35%,1,1419229
07/18/2021,Sulawesi Barat,6.36%,1,1419229
07/19/2021,Sulawesi Barat,6.43%,1,1419229
07/20/2021,Sulawesi Barat,6.43%,1,1419229
07/21/2021,Sulawesi Barat,6.46%,1,1419229
07/22/2021,Sulawesi Barat,6.53%,1,1419229
07/23/2021,Sulawesi Barat,6.58%,1,1419229
07/24/2021,Sulawesi Barat,6.71%,1,1419229
07/25/2021,Sulawesi Barat,6.71%,1,1419229
07/26/2021,Sulawesi Barat,6.81%,1,1419229
07/27/2021,Sulawesi Barat,6.93%,1,1419229
07/28/2021,Sulawesi Barat,7.02%,1,1419229
07/29/2021,Sulawesi Barat,7.14%,1,1419229
07/30/2021,Sulawesi Barat,7.22%,1,1419229
07/31/2021,Sulawesi Barat,7.26%,1,1419229
08/01/2021,Sulawesi Barat,7.26%,1,1419229
08/02/2021,Sulawesi Barat,7.32%,1,1419229
08/03/2021,Sulawesi Barat,7.39%,1,1419229
08/04/2021,Sulawesi Barat,7.49%,1,1419229
08/05/2021,Sulawesi Barat,7.60%,1,1419229
07/05/2021,Bengkulu,3.97%,1,2010670
07/06/2021,Bengkulu,4.03%,1,2010670
07/07/2021,Bengkulu,4.10%,1,2010670
07/08/2021,Bengkulu,4.16%,1,2010670
07/09/2021,Bengkulu,4.19%,1,2010670
07/10/2021,Bengkulu,4.22%,1,2010670
07/11/2021,Bengkulu,4.22%,1,2010670
07/12/2021,Bengkulu,4.29%,1,2010670
07/13/2021,Bengkulu,4.57%,1,2010670
07/14/2021,Bengkulu,4.75%,1,2010670
07/15/2021,Bengkulu,4.89%,1,2010670
07/16/2021,Bengkulu,5.05%,1,2010670
07/17/2021,Bengkulu,5.14%,1,2010670
07/18/2021,Bengkulu,5.15%,1,2010670
07/19/2021,Bengkulu,5.27%,1,2010670
07/20/2021,Bengkulu,5.27%,1,2010670
07/21/2021,Bengkulu,5.44%,1,2010670
07/22/2021,Bengkulu,5.59%,1,2010670
07/23/2021,Bengkulu,5.65%,1,2010670
07/24/2021,Bengkulu,5.93%,1,2010670
07/25/2021,Bengkulu,5.94%,1,2010670
07/26/2021,Bengkulu,6.37%,1,2010670
07/27/2021,Bengkulu,6.69%,1,2010670
07/28/2021,Bengkulu,8.93%,1,2010670
07/29/2021,Bengkulu,7.10%,1,2010670
07/30/2021,Bengkulu,7.15%,1,2010670
07/31/2021,Bengkulu,7.21%,1,2010670
08/01/2021,Bengkulu,7.21%,1,2010670
08/02/2021,Bengkulu,7.34%,1,2010670
08/03/2021,Bengkulu,7.53%,1,2010670
08/04/2021,Bengkulu,7.80%,1,2010670
08/05/2021,Bengkulu,8.13%,1,2010670
07/05/2021,NTT,4.84%,1,5325566
07/06/2021,NTT,4.90%,1,5325566
07/07/2021,NTT,4.99%,1,5325566
07/08/2021,NTT,5.07%,1,5325566
07/09/2021,NTT,5.16%,1,5325566
07/10/2021,NTT,5.25%,1,5325566
07/11/2021,NTT,5.25%,1,5325566
07/12/2021,NTT,5.34%,1,5325566
07/13/2021,NTT,5.47%,1,5325566
07/14/2021,NTT,5.60%,1,5325566
07/15/2021,NTT,5.75%,1,5325566
07/16/2021,NTT,5.86%,1,5325566
07/17/2021,NTT,5.91%,1,5325566
07/18/2021,NTT,5.91%,1,5325566
07/19/2021,NTT,5.99%,1,5325566
07/20/2021,NTT,5.99%,1,5325566
07/21/2021,NTT,6.08%,1,5325566
07/22/2021,NTT,6.16%,1,5325566
07/23/2021,NTT,6.21%,1,5325566
07/24/2021,NTT,6.59%,1,5325566
07/25/2021,NTT,6.63%,1,5325566
07/26/2021,NTT,6.77%,1,5325566
07/27/2021,NTT,6.98%,1,5325566
07/28/2021,NTT,7.15%,1,5325566
07/29/2021,NTT,7.37%,1,5325566
07/30/2021,NTT,7.55%,1,5325566
07/31/2021,NTT,7.67%,1,5325566
08/01/2021,NTT,7.69%,1,5325566
08/02/2021,NTT,7.82%,1,5325566
08/03/2021,NTT,8.00%,1,5325566
08/04/2021,NTT,8.19%,1,5325566
08/05/2021,NTT,8.32%,1,5325566
07/05/2021,Sumatera Selatan,5.33%,1,8467432
07/06/2021,Sumatera Selatan,5.39%,1,8467432
07/07/2021,Sumatera Selatan,5.45%,1,8467432
07/08/2021,Sumatera Selatan,5.53%,1,8467432
07/09/2021,Sumatera Selatan,5.58%,1,8467432
07/10/2021,Sumatera Selatan,5.61%,1,8467432
07/11/2021,Sumatera Selatan,5.61%,1,8467432
07/12/2021,Sumatera Selatan,5.71%,1,8467432
07/13/2021,Sumatera Selatan,5.81%,1,8467432
07/14/2021,Sumatera Selatan,5.89%,1,8467432
07/15/2021,Sumatera Selatan,5.97%,1,8467432
07/16/2021,Sumatera Selatan,6.07%,1,8467432
07/17/2021,Sumatera Selatan,6.11%,1,8467432
07/18/2021,Sumatera Selatan,6.12%,1,8467432
07/19/2021,Sumatera Selatan,6.17%,1,8467432
07/20/2021,Sumatera Selatan,6.17%,1,8467432
07/21/2021,Sumatera Selatan,6.24%,1,8467432
07/22/2021,Sumatera Selatan,6.32%,1,8467432
07/23/2021,Sumatera Selatan,6.40%,1,8467432
07/24/2021,Sumatera Selatan,6.82%,1,8467432
07/25/2021,Sumatera Selatan,6.83%,1,8467432
07/26/2021,Sumatera Selatan,7.18%,1,8467432
07/27/2021,Sumatera Selatan,7.52%,1,8467432
07/28/2021,Sumatera Selatan,7.81%,1,8467432
07/29/2021,Sumatera Selatan,8.08%,1,8467432
07/30/2021,Sumatera Selatan,8.20%,1,8467432
07/31/2021,Sumatera Selatan,8.27%,1,8467432
08/01/2021,Sumatera Selatan,8.28%,1,8467432
08/02/2021,Sumatera Selatan,8.44%,1,8467432
08/03/2021,Sumatera Selatan,8.60%,1,8467432
08/04/2021,Sumatera Selatan,8.76%,1,8467432
08/05/2021,Sumatera Selatan,8.97%,1,8467432
07/05/2021,Maluku,4.23%,1,1848923
07/06/2021,Maluku,4.26%,1,1848923
07/07/2021,Maluku,4.29%,1,1848923
07/08/2021,Maluku,4.33%,1,1848923
07/09/2021,Maluku,4.35%,1,1848923
07/10/2021,Maluku,4.38%,1,1848923
07/11/2021,Maluku,4.38%,1,1848923
07/12/2021,Maluku,4.44%,1,1848923
07/13/2021,Maluku,4.48%,1,1848923
07/14/2021,Maluku,4.52%,1,1848923
07/15/2021,Maluku,4.58%,1,1848923
07/16/2021,Maluku,4.63%,1,1848923
07/17/2021,Maluku,4.68%,1,1848923
07/18/2021,Maluku,4.69%,1,1848923
07/19/2021,Maluku,4.71%,1,1848923
07/20/2021,Maluku,4.72%,1,1848923
07/21/2021,Maluku,4.75%,1,1848923
07/22/2021,Maluku,4.78%,1,1848923
07/23/2021,Maluku,4.81%,1,1848923
07/24/2021,Maluku,5.11%,1,1848923
07/25/2021,Maluku,5.11%,1,1848923
07/26/2021,Maluku,5.30%,1,1848923
07/27/2021,Maluku,5.48%,1,1848923
07/28/2021,Maluku,5.66%,1,1848923
07/29/2021,Maluku,5.79%,1,1848923
07/30/2021,Maluku,5.97%,1,1848923
07/31/2021,Maluku,6.05%,1,1848923
08/01/2021,Maluku,6.05%,1,1848923
08/02/2021,Maluku,6.21%,1,1848923
08/03/2021,Maluku,6.37%,1,1848923
08/04/2021,Maluku,6.55%,1,1848923
08/05/2021,Maluku,6.69%,1,1848923
07/05/2021,NTB,4.77%,1,5320092
07/06/2021,NTB,4.79%,1,5320092
07/07/2021,NTB,4.81%,1,5320092
07/08/2021,NTB,4.84%,1,5320092
07/09/2021,NTB,4.86%,1,5320092
07/10/2021,NTB,4.89%,1,5320092
07/11/2021,NTB,4.89%,1,5320092
07/12/2021,NTB,4.92%,1,5320092
07/13/2021,NTB,4.96%,1,5320092
07/14/2021,NTB,5.00%,1,5320092
07/15/2021,NTB,5.03%,1,5320092
07/16/2021,NTB,5.04%,1,5320092
07/17/2021,NTB,5.06%,1,5320092
07/18/2021,NTB,5.06%,1,5320092
07/19/2021,NTB,5.08%,1,5320092
07/20/2021,NTB,5.08%,1,5320092
07/21/2021,NTB,5.09%,1,5320092
07/22/2021,NTB,5.13%,1,5320092
07/23/2021,NTB,5.17%,1,5320092
07/24/2021,NTB,5.27%,1,5320092
07/25/2021,NTB,5.27%,1,5320092
07/26/2021,NTB,5.36%,1,5320092
07/27/2021,NTB,5.41%,1,5320092
07/28/2021,NTB,5.44%,1,5320092
07/29/2021,NTB,5.47%,1,5320092
07/30/2021,NTB,5.47%,1,5320092
07/31/2021,NTB,5.52%,1,5320092
08/01/2021,NTB,5.52%,1,5320092
08/02/2021,NTB,5.56%,1,5320092
08/03/2021,NTB,5.70%,1,5320092
08/04/2021,NTB,5.81%,1,5320092
08/05/2021,NTB,5.98%,1,5320092
07/05/2021,Sulawesi Tengah,4.52%,1,2985734
07/06/2021,Sulawesi Tengah,4.58%,1,2985734
07/07/2021,Sulawesi Tengah,4.68%,1,2985734
07/08/2021,Sulawesi Tengah,4.75%,1,2985734
07/09/2021,Sulawesi Tengah,4.82%,1,2985734
07/10/2021,Sulawesi Tengah,4.92%,1,2985734
07/11/2021,Sulawesi Tengah,4.93%,1,2985734
07/12/2021,Sulawesi Tengah,5.00%,1,2985734
07/13/2021,Sulawesi Tengah,5.06%,1,2985734
07/14/2021,Sulawesi Tengah,5.16%,1,2985734
07/15/2021,Sulawesi Tengah,5.24%,1,2985734
07/16/2021,Sulawesi Tengah,5.31%,1,2985734
07/17/2021,Sulawesi Tengah,5.38%,1,2985734
07/18/2021,Sulawesi Tengah,5.39%,1,2985734
07/19/2021,Sulawesi Tengah,5.44%,1,2985734
07/20/2021,Sulawesi Tengah,5.45%,1,2985734
07/21/2021,Sulawesi Tengah,5.52%,1,2985734
07/22/2021,Sulawesi Tengah,5.63%,1,2985734
07/23/2021,Sulawesi Tengah,5.74%,1,2985734
07/24/2021,Sulawesi Tengah,6.01%,1,2985734
07/25/2021,Sulawesi Tengah,6.02%,1,2985734
07/26/2021,Sulawesi Tengah,6.20%,1,2985734
07/27/2021,Sulawesi Tengah,6.38%,1,2985734
07/28/2021,Sulawesi Tengah,6.51%,1,2985734
07/29/2021,Sulawesi Tengah,6.64%,1,2985734
07/30/2021,Sulawesi Tengah,6.71%,1,2985734
07/31/2021,Sulawesi Tengah,6.77%,1,2985734
08/01/2021,Sulawesi Tengah,6.79%,1,2985734
08/02/2021,Sulawesi Tengah,6.84%,1,2985734
08/03/2021,Sulawesi Tengah,6.92%,1,2985734
08/04/2021,Sulawesi Tengah,7.06%,1,2985734
08/05/2021,Sulawesi Tengah,7.21%,1,2985734
07/05/2021,Sumatera Barat,3.63%,1,5534472
07/06/2021,Sumatera Barat,3.67%,1,5534472
07/07/2021,Sumatera Barat,3.71%,1,5534472
07/08/2021,Sumatera Barat,3.75%,1,5534472
07/09/2021,Sumatera Barat,3.77%,1,5534472
07/10/2021,Sumatera Barat,3.80%,1,5534472
07/11/2021,Sumatera Barat,3.80%,1,5534472
07/12/2021,Sumatera Barat,3.85%,1,5534472
07/13/2021,Sumatera Barat,3.91%,1,5534472
07/14/2021,Sumatera Barat,3.97%,1,5534472
07/15/2021,Sumatera Barat,4.02%,1,5534472
07/16/2021,Sumatera Barat,4.07%,1,5534472
07/17/2021,Sumatera Barat,4.13%,1,5534472
07/18/2021,Sumatera Barat,4.13%,1,5534472
07/19/2021,Sumatera Barat,4.20%,1,5534472
07/20/2021,Sumatera Barat,4.20%,1,5534472
07/21/2021,Sumatera Barat,4.27%,1,5534472
07/22/2021,Sumatera Barat,4.38%,1,5534472
07/23/2021,Sumatera Barat,4.46%,1,5534472
07/24/2021,Sumatera Barat,4.64%,1,5534472
07/25/2021,Sumatera Barat,4.64%,1,5534472
07/26/2021,Sumatera Barat,4.80%,1,5534472
07/27/2021,Sumatera Barat,4.93%,1,5534472
07/28/2021,Sumatera Barat,5.03%,1,5534472
07/29/2021,Sumatera Barat,5.13%,1,5534472
07/30/2021,Sumatera Barat,5.18%,1,5534472
07/31/2021,Sumatera Barat,5.25%,1,5534472
08/01/2021,Sumatera Barat,5.26%,1,5534472
08/02/2021,Sumatera Barat,5.38%,1,5534472
08/03/2021,Sumatera Barat,5.53%,1,5534472
08/04/2021,Sumatera Barat,5.73%,1,5534472
08/05/2021,Sumatera Barat,5.93%,1,5534472
07/05/2021,Kalimantan Selatan,6.09%,1,4073584
07/06/2021,Kalimantan Selatan,6.14%,1,4073584
07/07/2021,Kalimantan Selatan,6.22%,1,4073584
07/08/2021,Kalimantan Selatan,6.25%,1,4073584
07/09/2021,Kalimantan Selatan,6.26%,1,4073584
07/10/2021,Kalimantan Selatan,6.29%,1,4073584
07/11/2021,Kalimantan Selatan,6.29%,1,4073584
07/12/2021,Kalimantan Selatan,6.34%,1,4073584
07/13/2021,Kalimantan Selatan,6.45%,1,4073584
07/14/2021,Kalimantan Selatan,6.56%,1,4073584
07/15/2021,Kalimantan Selatan,6.63%,1,4073584
07/16/2021,Kalimantan Selatan,6.66%,1,4073584
07/17/2021,Kalimantan Selatan,6.72%,1,4073584
07/18/2021,Kalimantan Selatan,6.72%,1,4073584
07/19/2021,Kalimantan Selatan,6.78%,1,4073584
07/20/2021,Kalimantan Selatan,6.78%,1,4073584
07/21/2021,Kalimantan Selatan,6.85%,1,4073584
07/22/2021,Kalimantan Selatan,6.97%,1,4073584
07/23/2021,Kalimantan Selatan,6.99%,1,4073584
07/24/2021,Kalimantan Selatan,7.22%,1,4073584
07/25/2021,Kalimantan Selatan,7.24%,1,4073584
07/26/2021,Kalimantan Selatan,7.41%,1,4073584
07/27/2021,Kalimantan Selatan,7.60%,1,4073584
07/28/2021,Kalimantan Selatan,7.74%,1,4073584
07/29/2021,Kalimantan Selatan,7.90%,1,4073584
07/30/2021,Kalimantan Selatan,7.94%,1,4073584
07/31/2021,Kalimantan Selatan,8.06%,1,4073584
08/01/2021,Kalimantan Selatan,8.06%,1,4073584
08/02/2021,Kalimantan Selatan,8.11%,1,4073584
08/03/2021,Kalimantan Selatan,8.15%,1,4073584
08/04/2021,Kalimantan Selatan,8.27%,1,4073584
08/05/2021,Kalimantan Selatan,8.53%,1,4073584
07/05/2021,Kalimantan Barat,3.99%,1,5414390
07/06/2021,Kalimantan Barat,4.04%,1,5414390
07/07/2021,Kalimantan Barat,4.09%,1,5414390
07/08/2021,Kalimantan Barat,4.15%,1,5414390
07/09/2021,Kalimantan Barat,4.20%,1,5414390
07/10/2021,Kalimantan Barat,4.22%,1,5414390
07/11/2021,Kalimantan Barat,4.23%,1,5414390
07/12/2021,Kalimantan Barat,4.30%,1,5414390
07/13/2021,Kalimantan Barat,4.41%,1,5414390
07/14/2021,Kalimantan Barat,4.54%,1,5414390
07/15/2021,Kalimantan Barat,4.67%,1,5414390
07/16/2021,Kalimantan Barat,4.78%,1,5414390
07/17/2021,Kalimantan Barat,4.88%,1,5414390
07/18/2021,Kalimantan Barat,4.88%,1,5414390
07/19/2021,Kalimantan Barat,5.00%,1,5414390
07/20/2021,Kalimantan Barat,5.01%,1,5414390
07/21/2021,Kalimantan Barat,5.19%,1,5414390
07/22/2021,Kalimantan Barat,5.41%,1,5414390
07/23/2021,Kalimantan Barat,5.55%,1,5414390
07/24/2021,Kalimantan Barat,5.70%,1,5414390
07/25/2021,Kalimantan Barat,5.72%,1,5414390
07/26/2021,Kalimantan Barat,5.87%,1,5414390
07/27/2021,Kalimantan Barat,6.05%,1,5414390
07/28/2021,Kalimantan Barat,6.25%,1,5414390
07/29/2021,Kalimantan Barat,6.47%,1,5414390
07/30/2021,Kalimantan Barat,6.61%,1,5414390
07/31/2021,Kalimantan Barat,6.73%,1,5414390
08/01/2021,Kalimantan Barat,6.79%,1,5414390
08/02/2021,Kalimantan Barat,6.97%,1,5414390
08/03/2021,Kalimantan Barat,7.16%,1,5414390
08/04/2021,Kalimantan Barat,7.41%,1,5414390
08/05/2021,Kalimantan Barat,7.70%,1,5414390
07/05/2021,Papua,5.00%,1,4303707
07/06/2021,Papua,5.03%,1,4303707
07/07/2021,Papua,5.09%,1,4303707
07/08/2021,Papua,5.13%,1,4303707
07/09/2021,Papua,5.18%,1,4303707
07/10/2021,Papua,5.22%,1,4303707
07/11/2021,Papua,5.23%,1,4303707
07/12/2021,Papua,5.28%,1,4303707
07/13/2021,Papua,5.33%,1,4303707
07/14/2021,Papua,5.39%,1,4303707
07/15/2021,Papua,5.44%,1,4303707
07/16/2021,Papua,5.49%,1,4303707
07/17/2021,Papua,5.52%,1,4303707
07/18/2021,Papua,5.52%,1,4303707
07/19/2021,Papua,5.57%,1,4303707
07/20/2021,Papua,5.57%,1,4303707
07/21/2021,Papua,5.62%,1,4303707
07/22/2021,Papua,5.69%,1,4303707
07/23/2021,Papua,5.74%,1,4303707
07/24/2021,Papua,5.95%,1,4303707
07/25/2021,Papua,5.95%,1,4303707
07/26/2021,Papua,6.05%,1,4303707
07/27/2021,Papua,6.16%,1,4303707
07/28/2021,Papua,6.28%,1,4303707
07/29/2021,Papua,6.39%,1,4303707
07/30/2021,Papua,6.48%,1,4303707
07/31/2021,Papua,6.63%,1,4303707
08/01/2021,Papua,6.66%,1,4303707
08/02/2021,Papua,6.84%,1,4303707
08/03/2021,Papua,7.10%,1,4303707
08/04/2021,Papua,7.36%,1,4303707
08/05/2021,Papua,7.60%,1,4303707
07/05/2021,Lampung,3.35%,1,9007848
07/06/2021,Lampung,3.42%,1,9007848
07/07/2021,Lampung,3.49%,1,9007848
07/08/2021,Lampung,3.56%,1,9007848
07/09/2021,Lampung,3.60%,1,9007848
07/10/2021,Lampung,3.62%,1,9007848
07/11/2021,Lampung,3.62%,1,9007848
07/12/2021,Lampung,3.69%,1,9007848
07/13/2021,Lampung,3.78%,1,9007848
07/14/2021,Lampung,3.86%,1,9007848
07/15/2021,Lampung,3.95%,1,9007848
07/16/2021,Lampung,3.99%,1,9007848
07/17/2021,Lampung,4.01%,1,9007848
07/18/2021,Lampung,4.01%,1,9007848
07/19/2021,Lampung,4.06%,1,9007848
07/20/2021,Lampung,4.06%,1,9007848
07/21/2021,Lampung,4.12%,1,9007848
07/22/2021,Lampung,4.20%,1,9007848
07/23/2021,Lampung,4.24%,1,9007848
07/24/2021,Lampung,4.66%,1,9007848
07/25/2021,Lampung,4.68%,1,9007848
07/26/2021,Lampung,5.06%,1,9007848
07/27/2021,Lampung,5.29%,1,9007848
07/28/2021,Lampung,5.46%,1,9007848
07/29/2021,Lampung,5.57%,1,9007848
07/30/2021,Lampung,5.63%,1,9007848
07/31/2021,Lampung,5.68%,1,9007848
08/01/2021,Lampung,5.69%,1,9007848
08/02/2021,Lampung,5.83%,1,9007848
08/03/2021,Lampung,5.90%,1,9007848
08/04/2021,Lampung,6.00%,1,9007848
08/05/2021,Lampung,6.12%,1,9007848