Tanggal,Kota,Tingkat Vaksinasi,Dalam atau Luar Jawa Bali,Jumlah Penduduk,Luas Daerah
07/05/2021,Jakarta,22.70%,0,10562088,664.01
07/06/2021,Jakarta,22.73%,0,10562088,664.01
07/07/2021,Jakarta,22.76%,0,10562088,664.01
07/08/2021,Jakarta,22.80%,0,10562088,664.01
07/09/2021,Jakarta,22.83%,0,10562088,664.01
07/10/2021,Jakarta,22.84%,0,10562088,664.01
07/11/2021,Jakarta,22.85%,0,10562088,664.01
07/12/2021,Jakarta,22.89%,0,10562088,664.01
07/13/2021,Jakarta,22.93%,0,10562088,664.01
07/14/2021,Jakarta,22.97%,0,10562088,664.01
07/15/2021,Jakarta,23.00%,0,10562088,664.01
07/16/2021,Jakarta,23.04%,0,10562088,664.01
07/17/2021,Jakarta,23.09%,0,10562088,664.01
07/18/2021,Jakarta,23.11%,0,10562088,664.01
07/19/2021,Jakarta,23.28%,0,10562088,664.01
07/20/2021,Jakarta,23.28%,0,10562088,664.01
07/21/2021,Jakarta,23.75%,0,10562088,664.01
07/22/2021,Jakarta,24.37%,0,10562088,664.01
07/23/2021,Jakarta,25.12%,0,10562088,664.01
07/24/2021,Jakarta,25.47%,0,10562088,664.01
07/25/2021,Jakarta,25.66%,0,10562088,664.01
07/26/2021,Jakarta,26.62%,0,10562088,664.01
07/27/2021,Jakarta,27.64%,0,10562088,664.01
07/28/2021,Jakarta,28.92%,0,10562088,664.01
07/29/2021,Jakarta,30.31%,0,10562088,664.01
07/30/2021,Jakarta,31.79%,0,10562088,664.01
07/31/2021,Jakarta,32.37%,0,10562088,664.01
08/01/2021,Jakarta,32.71%,0,10562088,664.01
08/02/2021,Jakarta,34.13%,0,10562088,664.01
08/03/2021,Jakarta,35.51%,0,10562088,664.01
08/04/2021,Jakarta,37.03%,0,10562088,664.01
08/05/2021,Jakarta,37.07%,0,10562088,664.01
07/05/2021,Bali,22.33%,0,4317404,5780.06
07/06/2021,Bali,22.37%,0,4317404,5780.06
07/07/2021,Bali,22.41%,0,4317404,5780.06
07/08/2021,Bali,22.44%,0,4317404,5780.06
07/09/2021,Bali,22.47%,0,4317404,5780.06
07/10/2021,Bali,22.53%,0,4317404,5780.06
07/11/2021,Bali,22.53%,0,4317404,5780.06
07/12/2021,Bali,22.58%,0,4317404,5780.06
07/13/2021,Bali,22.62%,0,4317404,5780.06
07/14/2021,Bali,22.68%,0,4317404,5780.06
07/15/2021,Bali,22.72%,0,4317404,5780.06
07/16/2021,Bali,22.77%,0,4317404,5780.06
07/17/2021,Bali,22.86%,0,4317404,5780.06
07/18/2021,Bali,22.86%,0,4317404,5780.06
07/19/2021,Bali,22.97%,0,4317404,5780.06
07/20/2021,Bali,22.97%,0,4317404,5780.06
07/21/2021,Bali,23.06%,0,4317404,5780.06
07/22/2021,Bali,23.11%,0,4317404,5780.06
07/23/2021,Bali,23.17%,0,4317404,5780.06
07/24/2021,Bali,23.26%,0,4317404,5780.06
07/25/2021,Bali,23.26%,0,4317404,5780.06
07/26/2021,Bali,23.33%,0,4317404,5780.06
07/27/2021,Bali,23.42%,0,4317404,5780.06
07/28/2021,Bali,23.74%,0,4317404,5780.06
07/29/2021,Bali,24.23%,0,4317404,5780.06
07/30/2021,Bali,24.88%,0,4317404,5780.06
07/31/2021,Bali,25.60%,0,4317404,5780.06
08/01/2021,Bali,25.70%,0,4317404,5780.06
08/02/2021,Bali,26.51%,0,4317404,5780.06
08/03/2021,Bali,27.70%,0,4317404,5780.06
08/04/2021,Bali,28.85%,0,4317404,5780.06
08/05/2021,Bali,29.91%,0,4317404,5780.06
07/05/2021,yogyakarta,13.83%,0,3668719,3133.15
07/06/2021,yogyakarta,13.85%,0,3668719,3133.15
07/07/2021,yogyakarta,13.87%,0,3668719,3133.15
07/08/2021,yogyakarta,13.91%,0,3668719,3133.15
07/09/2021,yogyakarta,13.91%,0,3668719,3133.15
07/10/2021,yogyakarta,13.93%,0,3668719,3133.15
07/11/2021,yogyakarta,13.95%,0,3668719,3133.15
07/12/2021,yogyakarta,13.96%,0,3668719,3133.15
07/13/2021,yogyakarta,13.98%,0,3668719,3133.15
07/14/2021,yogyakarta,13.99%,0,3668719,3133.15
07/15/2021,yogyakarta,14.00%,0,3668719,3133.15
07/16/2021,yogyakarta,14.00%,0,3668719,3133.15
07/17/2021,yogyakarta,14.01%,0,3668719,3133.15
07/18/2021,yogyakarta,14.01%,0,3668719,3133.15
07/19/2021,yogyakarta,14.02%,0,3668719,3133.15
07/20/2021,yogyakarta,14.02%,0,3668719,3133.15
07/21/2021,yogyakarta,14.04%,0,3668719,3133.15
07/22/2021,yogyakarta,14.08%,0,3668719,3133.15
07/23/2021,yogyakarta,14.12%,0,3668719,3133.15
07/24/2021,yogyakarta,14.39%,0,3668719,3133.15
07/25/2021,yogyakarta,14.40%,0,3668719,3133.15
07/26/2021,yogyakarta,14.48%,0,3668719,3133.15
07/27/2021,yogyakarta,14.63%,0,3668719,3133.15
07/28/2021,yogyakarta,14.76%,0,3668719,3133.15
07/29/2021,yogyakarta,14.95%,0,3668719,3133.15
07/30/2021,yogyakarta,15.04%,0,3668719,3133.15
07/31/2021,yogyakarta,15.17%,0,3668719,3133.15
08/01/2021,yogyakarta,15.20%,0,3668719,3133.15
08/02/2021,yogyakarta,15.41%,0,3668719,3133.15
08/03/2021,yogyakarta,15.69%,0,3668719,3133.15
08/04/2021,yogyakarta,15.94%,0,3668719,3133.15
08/05/2021,yogyakarta,16.16%,0,3668719,3133.15
07/05/2021,Banten,4.95%,0,11904562,9662.92
07/06/2021,Banten,5.03%,0,11904562,9662.92
07/07/2021,Banten,5.12%,0,11904562,9662.92
07/08/2021,Banten,5.20%,0,11904562,9662.92
07/09/2021,Banten,5.25%,0,11904562,9662.92
07/10/2021,Banten,5.27%,0,11904562,9662.92
07/11/2021,Banten,5.27%,0,11904562,9662.92
07/12/2021,Banten,5.31%,0,11904562,9662.92
07/13/2021,Banten,5.45%,0,11904562,9662.92
07/14/2021,Banten,5.56%,0,11904562,9662.92
07/15/2021,Banten,5.70%,0,11904562,9662.92
07/16/2021,Banten,5.79%,0,11904562,9662.92
07/17/2021,Banten,5.88%,0,11904562,9662.92
07/18/2021,Banten,5.89%,0,11904562,9662.92
07/19/2021,Banten,5.97%,0,11904562,9662.92
07/20/2021,Banten,5.97%,0,11904562,9662.92
07/21/2021,Banten,6.12%,0,11904562,9662.92
07/22/2021,Banten,6.33%,0,11904562,9662.92
07/23/2021,Banten,6.50%,0,11904562,9662.92
07/24/2021,Banten,6.64%,0,11904562,9662.92
07/25/2021,Banten,6.64%,0,11904562,9662.92
07/26/2021,Banten,6.83%,0,11904562,9662.92
07/27/2021,Banten,7.44%,0,11904562,9662.92
07/28/2021,Banten,7.49%,0,11904562,9662.92
07/29/2021,Banten,8.20%,0,11904562,9662.92
07/30/2021,Banten,8.41%,0,11904562,9662.92
07/31/2021,Banten,8.60%,0,11904562,9662.92
08/01/2021,Banten,8.63%,0,11904562,9662.92
08/02/2021,Banten,8.90%,0,11904562,9662.92
08/03/2021,Banten,9.15%,0,11904562,9662.92
08/04/2021,Banten,9.42%,0,11904562,9662.92
08/05/2021,Banten,9.48%,0,11904562,9662.92
07/05/2021,Jawa tengah,6.51%,0,36516035,32800.69
07/06/2021,Jawa tengah,6.63%,0,36516035,32800.69
07/07/2021,Jawa tengah,6.78%,0,36516035,32800.69
07/08/2021,Jawa tengah,6.95%,0,36516035,32800.69
07/09/2021,Jawa tengah,7.02%,0,36516035,32800.69
07/10/2021,Jawa tengah,7.12%,0,36516035,32800.69
07/11/2021,Jawa tengah,7.12%,0,36516035,32800.69
07/12/2021,Jawa tengah,7.25%,0,36516035,32800.69
07/13/2021,Jawa tengah,7.38%,0,36516035,32800.69
07/14/2021,Jawa tengah,7.51%,0,36516035,32800.69
07/15/2021,Jawa tengah,7.64%,0,36516035,32800.69
07/16/2021,Jawa tengah,7.73%,0,36516035,32800.69
07/17/2021,Jawa tengah,7.83%,0,36516035,32800.69
07/18/2021,Jawa tengah,7.84%,0,36516035,32800.69
07/19/2021,Jawa tengah,7.94%,0,36516035,32800.69
07/20/2021,Jawa tengah,7.94%,0,36516035,32800.69
07/21/2021,Jawa tengah,8.11%,0,36516035,32800.69
07/22/2021,Jawa tengah,8.30%,0,36516035,32800.69
07/23/2021,Jawa tengah,8.41%,0,36516035,32800.69
07/24/2021,Jawa tengah,8.78%,0,36516035,32800.69
07/25/2021,Jawa tengah,8.79%,0,36516035,32800.69
07/26/2021,Jawa tengah,8.99%,0,36516035,32800.69
07/27/2021,Jawa tengah,9.18%,0,36516035,32800.69
07/28/2021,Jawa tengah,9.37%,0,36516035,32800.69
07/29/2021,Jawa tengah,9.57%,0,36516035,32800.69
07/30/2021,Jawa tengah,9.69%,0,36516035,32800.69
07/31/2021,Jawa tengah,9.83%,0,36516035,32800.69
08/01/2021,Jawa tengah,9.85%,0,36516035,32800.69
08/02/2021,Jawa tengah,10.03%,0,36516035,32800.69
08/03/2021,Jawa tengah,10.20%,0,36516035,32800.69
08/04/2021,Jawa tengah,10.39%,0,36516035,32800.69
08/05/2021,Jawa tengah,10.58%,0,36516035,32800.69
07/05/2021,Jawa Barat,5.20%,0,48274162,35377.76
07/06/2021,Jawa Barat,5.27%,0,48274162,35377.76
07/07/2021,Jawa Barat,5.34%,0,48274162,35377.76
07/08/2021,Jawa Barat,5.43%,0,48274162,35377.76
07/09/2021,Jawa Barat,5.50%,0,48274162,35377.76
07/10/2021,Jawa Barat,5.54%,0,48274162,35377.76
07/11/2021,Jawa Barat,5.55%,0,48274162,35377.76
07/12/2021,Jawa Barat,5.62%,0,48274162,35377.76
07/13/2021,Jawa Barat,5.69%,0,48274162,35377.76
07/14/2021,Jawa Barat,5.78%,0,48274162,35377.76
07/15/2021,Jawa Barat,5.86%,0,48274162,35377.76
07/16/2021,Jawa Barat,5.92%,0,48274162,35377.76
07/17/2021,Jawa Barat,5.96%,0,48274162,35377.76
07/18/2021,Jawa Barat,5.96%,0,48274162,35377.76
07/19/2021,Jawa Barat,6.03%,0,48274162,35377.76
07/20/2021,Jawa Barat,6.03%,0,48274162,35377.76
07/21/2021,Jawa Barat,6.14%,0,48274162,35377.76
07/22/2021,Jawa Barat,6.28%,0,48274162,35377.76
07/23/2021,Jawa Barat,6.36%,0,48274162,35377.76
07/24/2021,Jawa Barat,6.62%,0,48274162,35377.76
07/25/2021,Jawa Barat,6.63%,0,48274162,35377.76
07/26/2021,Jawa Barat,6.77%,0,48274162,35377.76
07/27/2021,Jawa Barat,6.92%,0,48274162,35377.76
07/28/2021,Jawa Barat,7.08%,0,48274162,35377.76
07/29/2021,Jawa Barat,7.25%,0,48274162,35377.76
07/30/2021,Jawa Barat,7.36%,0,48274162,35377.76
07/31/2021,Jawa Barat,7.48%,0,48274162,35377.76
08/01/2021,Jawa Barat,7.49%,0,48274162,35377.76
08/02/2021,Jawa Barat,7.63%,0,48274162,35377.76
08/03/2021,Jawa Barat,7.84%,0,48274162,35377.76
08/04/2021,Jawa Barat,8.04%,0,48274162,35377.76
08/05/2021,Jawa Barat,8.18%,0,48274162,35377.76
07/05/2021,Jawa Timur,7.00%,0,40665696,47803.49
07/06/2021,Jawa Timur,7.11%,0,40665696,47803.49
07/07/2021,Jawa Timur,7.22%,0,40665696,47803.49
07/08/2021,Jawa Timur,7.36%,0,40665696,47803.49
07/09/2021,Jawa Timur,7.45%,0,40665696,47803.49
07/10/2021,Jawa Timur,7.54%,0,40665696,47803.49
07/11/2021,Jawa Timur,7.55%,0,40665696,47803.49
07/12/2021,Jawa Timur,7.69%,0,40665696,47803.49
07/13/2021,Jawa Timur,7.82%,0,40665696,47803.49
07/14/2021,Jawa Timur,7.96%,0,40665696,47803.49
07/15/2021,Jawa Timur,8.11%,0,40665696,47803.49
07/16/2021,Jawa Timur,8.19%,0,40665696,47803.49
07/17/2021,Jawa Timur,8.27%,0,40665696,47803.49
07/18/2021,Jawa Timur,8.28%,0,40665696,47803.49
07/19/2021,Jawa Timur,8.37%,0,40665696,47803.49
07/20/2021,Jawa Timur,8.37%,0,40665696,47803.49
07/21/2021,Jawa Timur,8.52%,0,40665696,47803.49
07/22/2021,Jawa Timur,8.69%,0,40665696,47803.49
07/23/2021,Jawa Timur,8.78%,0,40665696,47803.49
07/24/2021,Jawa Timur,8.95%,0,40665696,47803.49
07/25/2021,Jawa Timur,8.97%,0,40665696,47803.49
07/26/2021,Jawa Timur,9.16%,0,40665696,47803.49
07/27/2021,Jawa Timur,9.35%,0,40665696,47803.49
07/28/2021,Jawa Timur,9.53%,0,40665696,47803.49
07/29/2021,Jawa Timur,9.72%,0,40665696,47803.49
07/30/2021,Jawa Timur,9.83%,0,40665696,47803.49
07/31/2021,Jawa Timur,9.95%,0,40665696,47803.49
08/01/2021,Jawa Timur,9.97%,0,40665696,47803.49
08/02/2021,Jawa Timur,10.13%,0,40665696,47803.49
08/03/2021,Jawa Timur,10.30%,0,40665696,47803.49
08/04/2021,Jawa Timur,10.51%,0,40665696,47803.49
08/05/2021,Jawa Timur,10.74%,0,40665696,47803.49
07/05/2021,Kep. Riau,8.39%,1,2064564,8201.72
07/06/2021,Kep. Riau,8.51%,1,2064564,8201.72
07/07/2021,Kep. Riau,8.72%,1,2064564,8201.72
07/08/2021,Kep. Riau,8.88%,1,2064564,8201.72
07/09/2021,Kep. Riau,9.01%,1,2064564,8201.72
07/10/2021,Kep. Riau,9.14%,1,2064564,8201.72
07/11/2021,Kep. Riau,9.26%,1,2064564,8201.72
07/12/2021,Kep. Riau,9.48%,1,2064564,8201.72
07/13/2021,Kep. Riau,9.73%,1,2064564,8201.72
07/14/2021,Kep. Riau,10.03%,1,2064564,8201.72
07/15/2021,Kep. Riau,10.38%,1,2064564,8201.72
07/16/2021,Kep. Riau,10.66%,1,2064564,8201.72
07/17/2021,Kep. Riau,11.02%,1,2064564,8201.72
07/18/2021,Kep. Riau,11.44%,1,2064564,8201.72
07/19/2021,Kep. Riau,11.56%,1,2064564,8201.72
07/20/2021,Kep. Riau,11.56%,1,2064564,8201.72
07/21/2021,Kep. Riau,11.82%,1,2064564,8201.72
07/22/2021,Kep. Riau,12.00%,1,2064564,8201.72
07/23/2021,Kep. Riau,12.30%,1,2064564,8201.72
07/24/2021,Kep. Riau,12.65%,1,2064564,8201.72
07/25/2021,Kep. Riau,12.73%,1,2064564,8201.72
07/26/2021,Kep. Riau,13.19%,1,2064564,8201.72
07/27/2021,Kep. Riau,13.87%,1,2064564,8201.72
07/28/2021,Kep. Riau,14.16%,1,2064564,8201.72
07/29/2021,Kep. Riau,14.53%,1,2064564,8201.72
07/30/2021,Kep. Riau,14.83%,1,2064564,8201.72
07/31/2021,Kep. Riau,15.05%,1,2064564,8201.72
08/01/2021,Kep. Riau,15.06%,1,2064564,8201.72
08/02/2021,Kep. Riau,15.29%,1,2064564,8201.72
08/03/2021,Kep. Riau,15.58%,1,2064564,8201.72
08/04/2021,Kep. Riau,16.01%,1,2064564,8201.72
08/05/2021,Kep. Riau,16.70%,1,2064564,8201.72
07/05/2021,Sulawesi Utara,7.03%,1,2621923,13892.47
07/06/2021,Sulawesi Utara,7.13%,1,2621923,13892.47
07/07/2021,Sulawesi Utara,7.22%,1,2621923,13892.47
07/08/2021,Sulawesi Utara,7.30%,1,2621923,13892.47
07/09/2021,Sulawesi Utara,7.41%,1,2621923,13892.47
07/10/2021,Sulawesi Utara,7.42%,1,2621923,13892.47
07/11/2021,Sulawesi Utara,7.42%,1,2621923,13892.47
07/12/2021,Sulawesi Utara,7.51%,1,2621923,13892.47
07/13/2021,Sulawesi Utara,7.58%,1,2621923,13892.47
07/14/2021,Sulawesi Utara,7.66%,1,2621923,13892.47
07/15/2021,Sulawesi Utara,7.72%,1,2621923,13892.47
07/16/2021,Sulawesi Utara,7.77%,1,2621923,13892.47
07/17/2021,Sulawesi Utara,7.80%,1,2621923,13892.47
07/18/2021,Sulawesi Utara,7.80%,1,2621923,13892.47
07/19/2021,Sulawesi Utara,7.84%,1,2621923,13892.47
07/20/2021,Sulawesi Utara,7.85%,1,2621923,13892.47
07/21/2021,Sulawesi Utara,7.93%,1,2621923,13892.47
07/22/2021,Sulawesi Utara,8.00%,1,2621923,13892.47
07/23/2021,Sulawesi Utara,8.13%,1,2621923,13892.47
07/24/2021,Sulawesi Utara,8.31%,1,2621923,13892.47
07/25/2021,Sulawesi Utara,8.31%,1,2621923,13892.47
07/26/2021,Sulawesi Utara,8.47%,1,2621923,13892.47
07/27/2021,Sulawesi Utara,8.71%,1,2621923,13892.47
07/28/2021,Sulawesi Utara,9.02%,1,2621923,13892.47
07/29/2021,Sulawesi Utara,9.26%,1,2621923,13892.47
07/30/2021,Sulawesi Utara,9.46%,1,2621923,13892.47
07/31/2021,Sulawesi Utara,9.56%,1,2621923,13892.47
08/01/2021,Sulawesi Utara,9.57%,1,2621923,13892.47
08/02/2021,Sulawesi Utara,9.86%,1,2621923,13892.47
08/03/2021,Sulawesi Utara,10.19%,1,2621923,13892.47
08/04/2021,Sulawesi Utara,10.63%,1,2621923,13892.47
08/05/2021,Sulawesi Utara,11.03%,1,2621923,13892.47
07/05/2021,Jambi,5.30%,1,3548228,50058.16
07/06/2021,Jambi,5.50%,1,3548228,50058.16
07/07/2021,Jambi,5.71%,1,3548228,50058.16
07/08/2021,Jambi,5.88%,1,3548228,50058.16
07/09/2021,Jambi,5.96%,1,3548228,50058.16
07/10/2021,Jambi,6.09%,1,3548228,50058.16
07/11/2021,Jambi,6.10%,1,3548228,50058.16
07/12/2021,Jambi,6.28%,1,3548228,50058.16
07/13/2021,Jambi,6.47%,1,3548228,50058.16
07/14/2021,Jambi,6.63%,1,3548228,50058.16
07/15/2021,Jambi,6.78%,1,3548228,50058.16
07/16/2021,Jambi,6.86%,1,3548228,50058.16
07/17/2021,Jambi,6.94%,1,3548228,50058.16
07/18/2021,Jambi,6.94%,1,3548228,50058.16
07/19/2021,Jambi,7.02%,1,3548228,50058.16
07/20/2021,Jambi,7.03%,1,3548228,50058.16
07/21/2021,Jambi,7.11%,1,3548228,50058.16
07/22/2021,Jambi,7.26%,1,3548228,50058.16
07/23/2021,Jambi,7.34%,1,3548228,50058.16
07/24/2021,Jambi,7.68%,1,3548228,50058.16
07/25/2021,Jambi,7.75%,1,3548228,50058.16
07/26/2021,Jambi,8.11%,1,3548228,50058.16
07/27/2021,Jambi,8.38%,1,3548228,50058.16
07/28/2021,Jambi,8.68%,1,3548228,50058.16
07/29/2021,Jambi,9.05%,1,3548228,50058.16
07/30/2021,Jambi,9.30%,1,3548228,50058.16
07/31/2021,Jambi,9.54%,1,3548228,50058.16
08/01/2021,Jambi,9.56%,1,3548228,50058.16
08/02/2021,Jambi,9.87%,1,3548228,50058.16
08/03/2021,Jambi,10.15%,1,3548228,50058.16
08/04/2021,Jambi,10.41%,1,3548228,50058.16
08/05/2021,Jambi,10.66%,1,3548228,50058.16
07/05/2021,Gorontalo,6.71%,1,1171681,11257.07
07/06/2021,Gorontalo,6.82%,1,1171681,11257.07
07/07/2021,Gorontalo,6.93%,1,1171681,11257.07
07/08/2021,Gorontalo,7.03%,1,1171681,11257.07
07/09/2021,Gorontalo,7.12%,1,1171681,11257.07
07/10/2021,Gorontalo,7.16%,1,1171681,11257.07
07/11/2021,Gorontalo,7.16%,1,1171681,11257.07
07/12/2021,Gorontalo,7.31%,1,1171681,11257.07
07/13/2021,Gorontalo,7.48%,1,1171681,11257.07
07/14/2021,Gorontalo,7.65%,1,1171681,11257.07
07/15/2021,Gorontalo,7.87%,1,1171681,11257.07
07/16/2021,Gorontalo,7.98%,1,1171681,11257.07
07/17/2021,Gorontalo,8.09%,1,1171681,11257.07
07/18/2021,Gorontalo,8.10%,1,1171681,11257.07
07/19/2021,Gorontalo,8.30%,1,1171681,11257.07
07/20/2021,Gorontalo,8.30%,1,1171681,11257.07
07/21/2021,Gorontalo,8.43%,1,1171681,11257.07
07/22/2021,Gorontalo,8.63%,1,1171681,11257.07
07/23/2021,Gorontalo,8.74%,1,1171681,11257.07
07/24/2021,Gorontalo,8.94%,1,1171681,11257.07
07/25/2021,Gorontalo,8.97%,1,1171681,11257.07
07/26/2021,Gorontalo,9.24%,1,1171681,11257.07
07/27/2021,Gorontalo,9.45%,1,1171681,11257.07
07/28/2021,Gorontalo,9.77%,1,1171681,11257.07
07/29/2021,Gorontalo,10.12%,1,1171681,11257.07
07/30/2021,Gorontalo,10.27%,1,1171681,11257.07
07/31/2021,Gorontalo,10.42%,1,1171681,11257.07
08/01/2021,Gorontalo,10.44%,1,1171681,11257.07
08/02/2021,Gorontalo,10.65%,1,1171681,11257.07
08/03/2021,Gorontalo,10.85%,1,1171681,11257.07
08/04/2021,Gorontalo,11.05%,1,1171681,11257.07
08/05/2021,Gorontalo,11.19%,1,1171681,11257.07
07/05/2021,Kalimantan Tengah,8.42%,1,2669969,153564.5
07/06/2021,Kalimantan Tengah,8.57%,1,2669969,153564.5
07/07/2021,Kalimantan Tengah,8.80%,1,2669969,153564.5
07/08/2021,Kalimantan Tengah,9.02%,1,2669969,153564.5
07/09/2021,Kalimantan Tengah,9.18%,1,2669969,153564.5
07/10/2021,Kalimantan Tengah,9.52%,1,2669969,153564.5
07/11/2021,Kalimantan Tengah,9.53%,1,2669969,153564.5
07/12/2021,Kalimantan Tengah,9.72%,1,2669969,153564.5
07/13/2021,Kalimantan Tengah,9.83%,1,2669969,153564.5
07/14/2021,Kalimantan Tengah,9.94%,1,2669969,153564.5
07/15/2021,Kalimantan Tengah,10.05%,1,2669969,153564.5
07/16/2021,Kalimantan Tengah,10.15%,1,2669969,153564.5
07/17/2021,Kalimantan Tengah,10.32%,1,2669969,153564.5
07/18/2021,Kalimantan Tengah,10.35%,1,2669969,153564.5
07/19/2021,Kalimantan Tengah,10.44%,1,2669969,153564.5
07/20/2021,Kalimantan Tengah,10.44%,1,2669969,153564.5
07/21/2021,Kalimantan Tengah,10.54%,1,2669969,153564.5
07/22/2021,Kalimantan Tengah,10.67%,1,2669969,153564.5
07/23/2021,Kalimantan Tengah,10.76%,1,2669969,153564.5
07/24/2021,Kalimantan Tengah,10.93%,1,2669969,153564.5
07/25/2021,Kalimantan Tengah,10.93%,1,2669969,153564.5
07/26/2021,Kalimantan Tengah,11.11%,1,2669969,153564.5
07/27/2021,Kalimantan Tengah,11.29%,1,2669969,153564.5
07/28/2021,Kalimantan Tengah,11.46%,1,2669969,153564.5
07/29/2021,Kalimantan Tengah,11.59%,1,2669969,153564.5
07/30/2021,Kalimantan Tengah,11.66%,1,2669969,153564.5
07/31/2021,Kalimantan Tengah,11.74%,1,2669969,153564.5
08/01/2021,Kalimantan Tengah,11.74%,1,2669969,153564.5
08/02/2021,Kalimantan Tengah,11.81%,1,2669969,153564.5
08/03/2021,Kalimantan Tengah,12.08%,1,2669969,153564.5
08/04/2021,Kalimantan Tengah,12.27%,1,2669969,153564.5
08/05/2021,Kalimantan Tengah,12.76%,1,2669969,153564.5
07/05/2021,Sulawesi Selatan,6.65%,1,9073509,46717.48
07/06/2021,Sulawesi Selatan,6.75%,1,9073509,46717.48
07/07/2021,Sulawesi Selatan,6.84%,1,9073509,46717.48
07/08/2021,Sulawesi Selatan,6.90%,1,9073509,46717.48
07/09/2021,Sulawesi Selatan,6.94%,1,9073509,46717.48
07/10/2021,Sulawesi Selatan,7.00%,1,9073509,46717.48
07/11/2021,Sulawesi Selatan,7.00%,1,9073509,46717.48
07/12/2021,Sulawesi Selatan,7.09%,1,9073509,46717.48
07/13/2021,Sulawesi Selatan,7.15%,1,9073509,46717.48
07/14/2021,Sulawesi Selatan,7.22%,1,9073509,46717.48
07/15/2021,Sulawesi Selatan,7.29%,1,9073509,46717.48
07/16/2021,Sulawesi Selatan,7.35%,1,9073509,46717.48
07/17/2021,Sulawesi Selatan,7.43%,1,9073509,46717.48
07/18/2021,Sulawesi Selatan,7.43%,1,9073509,46717.48
07/19/2021,Sulawesi Selatan,7.47%,1,9073509,46717.48
07/20/2021,Sulawesi Selatan,7.47%,1,9073509,46717.48
07/21/2021,Sulawesi Selatan,7.53%,1,9073509,46717.48
07/22/2021,Sulawesi Selatan,7.66%,1,9073509,46717.48
07/23/2021,Sulawesi Selatan,7.76%,1,9073509,46717.48
07/24/2021,Sulawesi Selatan,8.18%,1,9073509,46717.48
07/25/2021,Sulawesi Selatan,8.22%,1,9073509,46717.48
07/26/2021,Sulawesi Selatan,8.44%,1,9073509,46717.48
07/27/2021,Sulawesi Selatan,8.63%,1,9073509,46717.48
07/28/2021,Sulawesi Selatan,8.79%,1,9073509,46717.48
07/29/2021,Sulawesi Selatan,8.96%,1,9073509,46717.48
07/30/2021,Sulawesi Selatan,9.08%,1,9073509,46717.48
07/31/2021,Sulawesi Selatan,9.19%,1,9073509,46717.48
08/01/2021,Sulawesi Selatan,9.21%,1,9073509,46717.48
08/02/2021,Sulawesi Selatan,9.32%,1,9073509,46717.48
08/03/2021,Sulawesi Selatan,9.47%,1,9073509,46717.48
08/04/2021,Sulawesi Selatan,9.76%,1,9073509,46717.48
08/05/2021,Sulawesi Selatan,10.06%,1,9073509,46717.48
07/05/2021,Papua Barat,5.92%,1,1134068,102955.15
07/06/2021,Papua Barat,6.05%,1,1134068,102955.15
07/07/2021,Papua Barat,6.14%,1,1134068,102955.15
07/08/2021,Papua Barat,6.23%,1,1134068,102955.15
07/09/2021,Papua Barat,6.32%,1,1134068,102955.15
07/10/2021,Papua Barat,6.38%,1,1134068,102955.15
07/11/2021,Papua Barat,6.38%,1,1134068,102955.15
07/12/2021,Papua Barat,6.44%,1,1134068,102955.15
07/13/2021,Papua Barat,6.49%,1,1134068,102955.15
07/14/2021,Papua Barat,6.54%,1,1134068,102955.15
07/15/2021,Papua Barat,6.68%,1,1134068,102955.15
07/16/2021,Papua Barat,6.77%,1,1134068,102955.15
07/17/2021,Papua Barat,6.87%,1,1134068,102955.15
07/18/2021,Papua Barat,6.89%,1,1134068,102955.15
07/19/2021,Papua Barat,6.97%,1,1134068,102955.15
07/20/2021,Papua Barat,6.99%,1,1134068,102955.15
07/21/2021,Papua Barat,7.06%,1,1134068,102955.15
07/22/2021,Papua Barat,7.13%,1,1134068,102955.15
07/23/2021,Papua Barat,7.20%,1,1134068,102955.15
07/24/2021,Papua Barat,7.52%,1,1134068,102955.15
07/25/2021,Papua Barat,7.54%,1,1134068,102955.15
07/26/2021,Papua Barat,7.74%,1,1134068,102955.15
07/27/2021,Papua Barat,7.84%,1,1134068,102955.15
07/28/2021,Papua Barat,8.01%,1,1134068,102955.15
07/29/2021,Papua Barat,8.15%,1,1134068,102955.15
07/30/2021,Papua Barat,8.23%,1,1134068,102955.15
07/31/2021,Papua Barat,8.37%,1,1134068,102955.15
08/01/2021,Papua Barat,8.42%,1,1134068,102955.15
08/02/2021,Papua Barat,8.63%,1,1134068,102955.15
08/03/2021,Papua Barat,8.88%,1,1134068,102955.15
08/04/2021,Papua Barat,9.15%,1,1134068,102955.15
08/05/2021,Papua Barat,9.36%,1,1134068,102955.15
07/05/2021,Sulawesi Tenggara,4.97%,1,2624875,38067.7
07/06/2021,Sulawesi Tenggara,5.05%,1,2624875,38067.7
07/07/2021,Sulawesi Tenggara,5.14%,1,2624875,38067.7
07/08/2021,Sulawesi Tenggara,5.25%,1,2624875,38067.7
07/09/2021,Sulawesi Tenggara,5.32%,1,2624875,38067.7
07/10/2021,Sulawesi Tenggara,5.37%,1,2624875,38067.7
07/11/2021,Sulawesi Tenggara,5.38%,1,2624875,38067.7
07/12/2021,Sulawesi Tenggara,5.46%,1,2624875,38067.7
07/13/2021,Sulawesi Tenggara,5.58%,1,2624875,38067.7
07/14/2021,Sulawesi Tenggara,5.68%,1,2624875,38067.7
07/15/2021,Sulawesi Tenggara,5.83%,1,2624875,38067.7
07/16/2021,Sulawesi Tenggara,5.95%,1,2624875,38067.7
07/17/2021,Sulawesi Tenggara,6.03%,1,2624875,38067.7
07/18/2021,Sulawesi Tenggara,6.04%,1,2624875,38067.7
07/19/2021,Sulawesi Tenggara,6.08%,1,2624875,38067.7
07/20/2021,Sulawesi Tenggara,6.08%,1,2624875,38067.7
07/21/2021,Sulawesi Tenggara,6.15%,1,2624875,38067.7
07/22/2021,Sulawesi Tenggara,6.28%,1,2624875,38067.7
07/23/2021,Sulawesi Tenggara,6.33%,1,2624875,38067.7
07/24/2021,Sulawesi Tenggara,6.70%,1,2624875,38067.7
07/25/2021,Sulawesi Tenggara,6.70%,1,2624875,38067.7
07/26/2021,Sulawesi Tenggara,6.88%,1,2624875,38067.7
07/27/2021,Sulawesi Tenggara,7.00%,1,2624875,38067.7
07/28/2021,Sulawesi Tenggara,7.21%,1,2624875,38067.7
07/29/2021,Sulawesi Tenggara,7.33%,1,2624875,38067.7
07/30/2021,Sulawesi Tenggara,7.44%,1,2624875,38067.7
07/31/2021,Sulawesi Tenggara,7.52%,1,2624875,38067.7
08/01/2021,Sulawesi Tenggara,7.52%,1,2624875,38067.7
08/02/2021,Sulawesi Tenggara,7.68%,1,2624875,38067.7
08/03/2021,Sulawesi Tenggara,7.86%,1,2624875,38067.7
08/04/2021,Sulawesi Tenggara,8.12%,1,2624875,38067.7
08/05/2021,Sulawesi Tenggara,8.44%,1,2624875,38067.7
07/05/2021,Bangka Belitung,6.78%,1,1455678,16424.06
07/06/2021,Bangka Belitung,6.90%,1,1455678,16424.06
07/07/2021,Bangka Belitung,7.12%,1,1455678,16424.06
07/08/2021,Bangka Belitung,7.29%,1,1455678,16424.06
07/09/2021,Bangka Belitung,7.35%,1,1455678,16424.06
07/10/2021,Bangka Belitung,7.41%,1,1455678,16424.06
07/11/2021,Bangka Belitung,7.41%,1,1455678,16424.06
07/12/2021,Bangka Belitung,7.57%,1,1455678,16424.06
07/13/2021,Bangka Belitung,7.67%,1,1455678,16424.06
07/14/2021,Bangka Belitung,7.77%,1,1455678,16424.06
07/15/2021,Bangka Belitung,7.95%,1,1455678,16424.06
07/16/2021,Bangka Belitung,8.02%,1,1455678,16424.06
07/17/2021,Bangka Belitung,8.13%,1,1455678,16424.06
07/18/2021,Bangka Belitung,8.13%,1,1455678,16424.06
07/19/2021,Bangka Belitung,8.20%,1,1455678,16424.06
07/20/2021,Bangka Belitung,8.20%,1,1455678,16424.06
07/21/2021,Bangka Belitung,8.28%,1,1455678,16424.06
07/22/2021,Bangka Belitung,8.53%,1,1455678,16424.06
07/23/2021,Bangka Belitung,8.74%,1,1455678,16424.06
07/24/2021,Bangka Belitung,9.23%,1,1455678,16424.06
07/25/2021,Bangka Belitung,9.23%,1,1455678,16424.06
07/26/2021,Bangka Belitung,9.64%,1,1455678,16424.06
07/27/2021,Bangka Belitung,10.13%,1,1455678,16424.06
07/28/2021,Bangka Belitung,10.47%,1,1455678,16424.06
07/29/2021,Bangka Belitung,10.75%,1,1455678,16424.06
07/30/2021,Bangka Belitung,10.92%,1,1455678,16424.06
07/31/2021,Bangka Belitung,11.01%,1,1455678,16424.06
08/01/2021,Bangka Belitung,11.01%,1,1455678,16424.06
08/02/2021,Bangka Belitung,11.09%,1,1455678,16424.06
08/03/2021,Bangka Belitung,11.39%,1,1455678,16424.06
08/04/2021,Bangka Belitung,11.65%,1,1455678,16424.06
08/05/2021,Bangka Belitung,11.90%,1,1455678,16424.06
07/05/2021,Riau,8.12%,1,6394087,87023.66
07/06/2021,Riau,8.39%,1,6394087,87023.66
07/07/2021,Riau,8.66%,1,6394087,87023.66
07/08/2021,Riau,8.94%,1,6394087,87023.66
07/09/2021,Riau,9.11%,1,6394087,87023.66
07/10/2021,Riau,9.30%,1,6394087,87023.66
07/11/2021,Riau,9.34%,1,6394087,87023.66
07/12/2021,Riau,9.54%,1,6394087,87023.66
07/13/2021,Riau,9.71%,1,6394087,87023.66
07/14/2021,Riau,9.83%,1,6394087,87023.66
07/15/2021,Riau,9.94%,1,6394087,87023.66
07/16/2021,Riau,10.00%,1,6394087,87023.66
07/17/2021,Riau,10.05%,1,6394087,87023.66
07/18/2021,Riau,10.06%,1,6394087,87023.66
07/19/2021,Riau,10.10%,1,6394087,87023.66
07/20/2021,Riau,10.10%,1,6394087,87023.66
07/21/2021,Riau,10.14%,1,6394087,87023.66
07/22/2021,Riau,10.20%,1,6394087,87023.66
07/23/2021,Riau,10.25%,1,6394087,87023.66
07/24/2021,Riau,10.71%,1,6394087,87023.66
07/25/2021,Riau,10.80%,1,6394087,87023.66
07/26/2021,Riau,11.04%,1,6394087,87023.66
07/27/2021,Riau,11.20%,1,6394087,87023.66
07/28/2021,Riau,11.30%,1,6394087,87023.66
07/29/2021,Riau,11.42%,1,6394087,87023.66
07/30/2021,Riau,11.49%,1,6394087,87023.66
07/31/2021,Riau,11.58%,1,6394087,87023.66
08/01/2021,Riau,11.59%,1,6394087,87023.66
08/02/2021,Riau,11.69%,1,6394087,87023.66
08/03/2021,Riau,11.75%,1,6394087,87023.66
08/04/2021,Riau,11.85%,1,6394087,87023.66
08/05/2021,Riau,11.94%,1,6394087,87023.66
07/05/2021,Kalimantan Timur,8.10%,1,3766039,129066.64
07/06/2021,Kalimantan Timur,8.18%,1,3766039,129066.64
07/07/2021,Kalimantan Timur,8.31%,1,3766039,129066.64
07/08/2021,Kalimantan Timur,8.38%,1,3766039,129066.64
07/09/2021,Kalimantan Timur,8.44%,1,3766039,129066.64
07/10/2021,Kalimantan Timur,8.51%,1,3766039,129066.64
07/11/2021,Kalimantan Timur,8.51%,1,3766039,129066.64
07/12/2021,Kalimantan Timur,8.61%,1,3766039,129066.64
07/13/2021,Kalimantan Timur,8.73%,1,3766039,129066.64
07/14/2021,Kalimantan Timur,8.79%,1,3766039,129066.64
07/15/2021,Kalimantan Timur,8.90%,1,3766039,129066.64
07/16/2021,Kalimantan Timur,8.94%,1,3766039,129066.64
07/17/2021,Kalimantan Timur,9.14%,1,3766039,129066.64
07/18/2021,Kalimantan Timur,9.15%,1,3766039,129066.64
07/19/2021,Kalimantan Timur,9.20%,1,3766039,129066.64
07/20/2021,Kalimantan Timur,9.20%,1,3766039,129066.64
07/21/2021,Kalimantan Timur,9.28%,1,3766039,129066.64
07/22/2021,Kalimantan Timur,9.38%,1,3766039,129066.64
07/23/2021,Kalimantan Timur,9.43%,1,3766039,129066.64
07/24/2021,Kalimantan Timur,10.02%,1,3766039,129066.64
07/25/2021,Kalimantan Timur,10.09%,1,3766039,129066.64
07/26/2021,Kalimantan Timur,10.29%,1,3766039,129066.64
07/27/2021,Kalimantan Timur,10.51%,1,3766039,129066.64
07/28/2021,Kalimantan Timur,10.72%,1,3766039,129066.64
07/29/2021,Kalimantan Timur,10.84%,1,3766039,129066.64
07/30/2021,Kalimantan Timur,10.93%,1,3766039,129066.64
07/31/2021,Kalimantan Timur,11.04%,1,3766039,129066.64
08/01/2021,Kalimantan Timur,11.05%,1,3766039,129066.64
08/02/2021,Kalimantan Timur,11.17%,1,3766039,129066.64
08/03/2021,Kalimantan Timur,11.37%,1,3766039,129066.64
08/04/2021,Kalimantan Timur,11.69%,1,3766039,129066.64
08/05/2021,Kalimantan Timur,11.79%,1,3766039,129066.64
07/05/2021,Kalimantan Utara,5.55%,1,701814,75467.7
07/06/2021,Kalimantan Utara,5.60%,1,701814,75467.7
07/07/2021,Kalimantan Utara,5.67%,1,701814,75467.7
07/08/2021,Kalimantan Utara,5.91%,1,701814,75467.7
07/09/2021,Kalimantan Utara,5.98%,1,701814,75467.7
07/10/2021,Kalimantan Utara,6.03%,1,701814,75467.7
07/11/2021,Kalimantan Utara,6.03%,1,701814,75467.7
07/12/2021,Kalimantan Utara,6.13%,1,701814,75467.7
07/13/2021,Kalimantan Utara,6.20%,1,701814,75467.7
07/14/2021,Kalimantan Utara,6.31%,1,701814,75467.7
07/15/2021,Kalimantan Utara,6.40%,1,701814,75467.7
07/16/2021,Kalimantan Utara,6.46%,1,701814,75467.7
07/17/2021,Kalimantan Utara,6.54%,1,701814,75467.7
07/18/2021,Kalimantan Utara,6.54%,1,701814,75467.7
07/19/2021,Kalimantan Utara,6.63%,1,701814,75467.7
07/20/2021,Kalimantan Utara,6.64%,1,701814,75467.7
07/21/2021,Kalimantan Utara,6.68%,1,701814,75467.7
07/22/2021,Kalimantan Utara,7.00%,1,701814,75467.7
07/23/2021,Kalimantan Utara,7.03%,1,701814,75467.7
07/24/2021,Kalimantan Utara,7.34%,1,701814,75467.7
07/25/2021,Kalimantan Utara,7.37%,1,701814,75467.7
07/26/2021,Kalimantan Utara,7.49%,1,701814,75467.7
07/27/2021,Kalimantan Utara,7.56%,1,701814,75467.7
07/28/2021,Kalimantan Utara,7.62%,1,701814,75467.7
07/29/2021,Kalimantan Utara,7.73%,1,701814,75467.7
07/30/2021,Kalimantan Utara,7.83%,1,701814,75467.7
07/31/2021,Kalimantan Utara,7.97%,1,701814,75467.7
08/01/2021,Kalimantan Utara,7.98%,1,701814,75467.7
08/02/2021,Kalimantan Utara,8.09%,1,701814,75467.7
08/03/2021,Kalimantan Utara,8.14%,1,701814,75467.7
08/04/2021,Kalimantan Utara,8.26%,1,701814,75467.7
08/05/2021,Kalimantan Utara,8.42%,1,701814,75467.7
07/05/2021,Sumatera Utara,5.22%,1,14799361,72981.23
07/06/2021,Sumatera Utara,5.38%,1,14799361,72981.23
07/07/2021,Sumatera Utara,5.55%,1,14799361,72981.23
07/08/2021,Sumatera Utara,5.71%,1,14799361,72981.23
07/09/2021,Sumatera Utara,5.82%,1,14799361,72981.23
07/10/2021,Sumatera Utara,5.86%,1,14799361,72981.23
07/11/2021,Sumatera Utara,5.86%,1,14799361,72981.23
07/12/2021,Sumatera Utara,5.98%,1,14799361,72981.23
07/13/2021,Sumatera Utara,6.11%,1,14799361,72981.23
07/14/2021,Sumatera Utara,6.26%,1,14799361,72981.23
07/15/2021,Sumatera Utara,6.41%,1,14799361,72981.23
07/16/2021,Sumatera Utara,6.53%,1,14799361,72981.23
07/17/2021,Sumatera Utara,6.57%,1,14799361,72981.23
07/18/2021,Sumatera Utara,6.57%,1,14799361,72981.23
07/19/2021,Sumatera Utara,6.63%,1,14799361,72981.23
07/20/2021,Sumatera Utara,6.64%,1,14799361,72981.23
07/21/2021,Sumatera Utara,6.77%,1,14799361,72981.23
07/22/2021,Sumatera Utara,6.91%,1,14799361,72981.23
07/23/2021,Sumatera Utara,7.08%,1,14799361,72981.23
07/24/2021,Sumatera Utara,7.50%,1,14799361,72981.23
07/25/2021,Sumatera Utara,7.56%,1,14799361,72981.23
07/26/2021,Sumatera Utara,7.87%,1,14799361,72981.23
07/27/2021,Sumatera Utara,8.17%,1,14799361,72981.23
07/28/2021,Sumatera Utara,8.43%,1,14799361,72981.23
07/29/2021,Sumatera Utara,8.59%,1,14799361,72981.23
07/30/2021,Sumatera Utara,8.72%,1,14799361,72981.23
07/31/2021,Sumatera Utara,8.85%,1,14799361,72981.23
08/01/2021,Sumatera Utara,8.92%,1,14799361,72981.23
08/02/2021,Sumatera Utara,9.06%,1,14799361,72981.23
08/03/2021,Sumatera Utara,9.22%,1,14799361,72981.23
08/04/2021,Sumatera Utara,9.40%,1,14799361,72981.23
08/05/2021,Sumatera Utara,9.59%,1,14799361,72981.23
07/05/2021,Aceh,3.79%,1,5274871,57956
07/06/2021,Aceh,3.99%,1,5274871,57956
07/07/2021,Aceh,4.19%,1,5274871,57956
07/08/2021,Aceh,4.36%,1,5274871,57956
07/09/2021,Aceh,4.50%,1,5274871,57956
07/10/2021,Aceh,4.57%,1,5274871,57956
07/11/2021,Aceh,4.59%,1,5274871,57956
07/12/2021,Aceh,4.77%,1,5274871,57956
07/13/2021,Aceh,4.94%,1,5274871,57956
07/14/2021,Aceh,5.11%,1,5274871,57956
07/15/2021,Aceh,5.25%,1,5274871,57956
07/16/2021,Aceh,5.38%,1,5274871,57956
07/17/2021,Aceh,5.45%,1,5274871,57956
07/18/2021,Aceh,5.46%,1,5274871,57956
07/19/2021,Aceh,5.50%,1,5274871,57956
07/20/2021,Aceh,5.51%,1,5274871,57956
07/21/2021,Aceh,5.54%,1,5274871,57956
07/22/2021,Aceh,5.62%,1,5274871,57956
07/23/2021,Aceh,5.69%,1,5274871,57956
07/24/2021,Aceh,5.99%,1,5274871,57956
07/25/2021,Aceh,6.06%,1,5274871,57956
07/26/2021,Aceh,6.25%,1,5274871,57956
07/27/2021,Aceh,6.37%,1,5274871,57956
07/28/2021,Aceh,6.48%,1,5274871,57956
07/29/2021,Aceh,6.58%,1,5274871,57956
07/30/2021,Aceh,6.65%,1,5274871,57956
07/31/2021,Aceh,6.78%,1,5274871,57956
08/01/2021,Aceh,6.79%,1,5274871,57956
08/02/2021,Aceh,6.95%,1,5274871,57956
08/03/2021,Aceh,7.08%,1,5274871,57956
08/04/2021,Aceh,7.21%,1,5274871,57956
08/05/2021,Aceh,7.31%,1,5274871,57956
07/05/2021,Sulawesi Barat,5.45%,1,1419229,16787.18
07/06/2021,Sulawesi Barat,5.52%,1,1419229,16787.18
07/07/2021,Sulawesi Barat,5.56%,1,1419229,16787.18
07/08/2021,Sulawesi Barat,5.62%,1,1419229,16787.18
07/09/2021,Sulawesi Barat,5.67%,1,1419229,16787.18
07/10/2021,Sulawesi Barat,5.73%,1,1419229,16787.18
07/11/2021,Sulawesi Barat,5.73%,1,1419229,16787.18
07/12/2021,Sulawesi Barat,5.82%,1,1419229,16787.18
07/13/2021,Sulawesi Barat,5.93%,1,1419229,16787.18
07/14/2021,Sulawesi Barat,6.04%,1,1419229,16787.18
07/15/2021,Sulawesi Barat,6.19%,1,1419229,16787.18
07/16/2021,Sulawesi Barat,6.27%,1,1419229,16787.18
07/17/2021,Sulawesi Barat,6.35%,1,1419229,16787.18
07/18/2021,Sulawesi Barat,6.36%,1,1419229,16787.18
07/19/2021,Sulawesi Barat,6.43%,1,1419229,16787.18
07/20/2021,Sulawesi Barat,6.43%,1,1419229,16787.18
07/21/2021,Sulawesi Barat,6.46%,1,1419229,16787.18
07/22/2021,Sulawesi Barat,6.53%,1,1419229,16787.18
07/23/2021,Sulawesi Barat,6.58%,1,1419229,16787.18
07/24/2021,Sulawesi Barat,6.71%,1,1419229,16787.18
07/25/2021,Sulawesi Barat,6.71%,1,1419229,16787.18
07/26/2021,Sulawesi Barat,6.81%,1,1419229,16787.18
07/27/2021,Sulawesi Barat,6.93%,1,1419229,16787.18
07/28/2021,Sulawesi Barat,7.02%,1,1419229,16787.18
07/29/2021,Sulawesi Barat,7.14%,1,1419229,16787.18
07/30/2021,Sulawesi Barat,7.22%,1,1419229,16787.18
07/31/2021,Sulawesi Barat,7.26%,1,1419229,16787.18
08/01/2021,Sulawesi Barat,7.26%,1,1419229,16787.18
08/02/2021,Sulawesi Barat,7.32%,1,1419229,16787.18
08/03/2021,Sulawesi Barat,7.39%,1,1419229,16787.18
08/04/2021,Sulawesi Barat,7.49%,1,1419229,16787.18
08/05/2021,Sulawesi Barat,7.60%,1,1419229,16787.18
07/05/2021,Bengkulu,3.97%,1,2010670,19919.33
07/06/2021,Bengkulu,4.03%,1,2010670,19919.33
07/07/2021,Bengkulu,4.10%,1,2010670,19919.33
07/08/2021,Bengkulu,4.16%,1,2010670,19919.33
07/09/2021,Bengkulu,4.19%,1,2010670,19919.33
07/10/2021,Bengkulu,4.22%,1,2010670,19919.33
07/11/2021,Bengkulu,4.22%,1,2010670,19919.33
07/12/2021,Bengkulu,4.29%,1,2010670,19919.33
07/13/2021,Bengkulu,4.57%,1,2010670,19919.33
07/14/2021,Bengkulu,4.75%,1,2010670,19919.33
07/15/2021,Bengkulu,4.89%,1,2010670,19919.33
07/16/2021,Bengkulu,5.05%,1,2010670,19919.33
07/17/2021,Bengkulu,5.14%,1,2010670,19919.33
07/18/2021,Bengkulu,5.15%,1,2010670,19919.33
07/19/2021,Bengkulu,5.27%,1,2010670,19919.33
07/20/2021,Bengkulu,5.27%,1,2010670,19919.33
07/21/2021,Bengkulu,5.44%,1,2010670,19919.33
07/22/2021,Bengkulu,5.59%,1,2010670,19919.33
07/23/2021,Bengkulu,5.65%,1,2010670,19919.33
07/24/2021,Bengkulu,5.93%,1,2010670,19919.33
07/25/2021,Bengkulu,5.94%,1,2010670,19919.33
07/26/2021,Bengkulu,6.37%,1,2010670,19919.33
07/27/2021,Bengkulu,6.69%,1,2010670,19919.33
07/28/2021,Bengkulu,6.93%,1,2010670,19919.33
07/29/2021,Bengkulu,7.10%,1,2010670,19919.33
07/30/2021,Bengkulu,7.15%,1,2010670,19919.33
07/31/2021,Bengkulu,7.21%,1,2010670,19919.33
08/01/2021,Bengkulu,7.21%,1,2010670,19919.33
08/02/2021,Bengkulu,7.34%,1,2010670,19919.33
08/03/2021,Bengkulu,7.53%,1,2010670,19919.33
08/04/2021,Bengkulu,7.80%,1,2010670,19919.33
08/05/2021,Bengkulu,8.13%,1,2010670,19919.33
07/05/2021,NTT,4.84%,1,5325566,48718.1
07/06/2021,NTT,4.90%,1,5325566,48718.1
07/07/2021,NTT,4.99%,1,5325566,48718.1
07/08/2021,NTT,5.07%,1,5325566,48718.1
07/09/2021,NTT,5.16%,1,5325566,48718.1
07/10/2021,NTT,5.25%,1,5325566,48718.1
07/11/2021,NTT,5.25%,1,5325566,48718.1
07/12/2021,NTT,5.34%,1,5325566,48718.1
07/13/2021,NTT,5.47%,1,5325566,48718.1
07/14/2021,NTT,5.60%,1,5325566,48718.1
07/15/2021,NTT,5.75%,1,5325566,48718.1
07/16/2021,NTT,5.86%,1,5325566,48718.1
07/17/2021,NTT,5.91%,1,5325566,48718.1
07/18/2021,NTT,5.91%,1,5325566,48718.1
07/19/2021,NTT,5.99%,1,5325566,48718.1
07/20/2021,NTT,5.99%,1,5325566,48718.1
07/21/2021,NTT,6.08%,1,5325566,48718.1
07/22/2021,NTT,6.16%,1,5325566,48718.1
07/23/2021,NTT,6.21%,1,5325566,48718.1
07/24/2021,NTT,6.59%,1,5325566,48718.1
07/25/2021,NTT,6.63%,1,5325566,48718.1
07/26/2021,NTT,6.77%,1,5325566,48718.1
07/27/2021,NTT,6.98%,1,5325566,48718.1
07/28/2021,NTT,7.15%,1,5325566,48718.1
07/29/2021,NTT,7.37%,1,5325566,48718.1
07/30/2021,NTT,7.55%,1,5325566,48718.1
07/31/2021,NTT,7.67%,1,5325566,48718.1
08/01/2021,NTT,7.69%,1,5325566,48718.1
08/02/2021,NTT,7.82%,1,5325566,48718.1
08/03/2021,NTT,8.00%,1,5325566,48718.1
08/04/2021,NTT,8.19%,1,5325566,48718.1
08/05/2021,NTT,8.32%,1,5325566,48718.1
07/05/2021,Sumatera Selatan,5.33%,1,8467432,91592.43
07/06/2021,Sumatera Selatan,5.39%,1,8467432,91592.43
07/07/2021,Sumatera Selatan,5.45%,1,8467432,91592.43
07/08/2021,Sumatera Selatan,5.53%,1,8467432,91592.43
07/09/2021,Sumatera Selatan,5.58%,1,8467432,91592.43
07/10/2021,Sumatera Selatan,5.61%,1,8467432,91592.43
07/11/2021,Sumatera Selatan,5.61%,1,8467432,91592.43
07/12/2021,Sumatera Selatan,5.71%,1,8467432,91592.43
07/13/2021,Sumatera Selatan,5.81%,1,8467432,91592.43
07/14/2021,Sumatera Selatan,5.89%,1,8467432,91592.43
07/15/2021,Sumatera Selatan,5.97%,1,8467432,91592.43
07/16/2021,Sumatera Selatan,6.07%,1,8467432,91592.43
07/17/2021,Sumatera Selatan,6.11%,1,8467432,91592.43
07/18/2021,Sumatera Selatan,6.12%,1,8467432,91592.43
07/19/2021,Sumatera Selatan,6.17%,1,8467432,91592.43
07/20/2021,Sumatera Selatan,6.17%,1,8467432,91592.43
07/21/2021,Sumatera Selatan,6.24%,1,8467432,91592.43
07/22/2021,Sumatera Selatan,6.32%,1,8467432,91592.43
07/23/2021,Sumatera Selatan,6.40%,1,8467432,91592.43
07/24/2021,Sumatera Selatan,6.82%,1,8467432,91592.43
07/25/2021,Sumatera Selatan,6.83%,1,8467432,91592.43
07/26/2021,Sumatera Selatan,7.18%,1,8467432,91592.43
07/27/2021,Sumatera Selatan,7.52%,1,8467432,91592.43
07/28/2021,Sumatera Selatan,7.81%,1,8467432,91592.43
07/29/2021,Sumatera Selatan,8.08%,1,8467432,91592.43
07/30/2021,Sumatera Selatan,8.20%,1,8467432,91592.43
07/31/2021,Sumatera Selatan,8.27%,1,8467432,91592.43
08/01/2021,Sumatera Selatan,8.28%,1,8467432,91592.43
08/02/2021,Sumatera Selatan,8.44%,1,8467432,91592.43
08/03/2021,Sumatera Selatan,8.60%,1,8467432,91592.43
08/04/2021,Sumatera Selatan,8.76%,1,8467432,91592.43
08/05/2021,Sumatera Selatan,8.97%,1,8467432,91592.43
07/05/2021,Maluku,4.23%,1,1848923,46914.03
07/06/2021,Maluku,4.26%,1,1848923,46914.03
07/07/2021,Maluku,4.29%,1,1848923,46914.03
07/08/2021,Maluku,4.33%,1,1848923,46914.03
07/09/2021,Maluku,4.35%,1,1848923,46914.03
07/10/2021,Maluku,4.38%,1,1848923,46914.03
07/11/2021,Maluku,4.38%,1,1848923,46914.03
07/12/2021,Maluku,4.44%,1,1848923,46914.03
07/13/2021,Maluku,4.48%,1,1848923,46914.03
07/14/2021,Maluku,4.52%,1,1848923,46914.03
07/15/2021,Maluku,4.58%,1,1848923,46914.03
07/16/2021,Maluku,4.63%,1,1848923,46914.03
07/17/2021,Maluku,4.68%,1,1848923,46914.03
07/18/2021,Maluku,4.69%,1,1848923,46914.03
07/19/2021,Maluku,4.71%,1,1848923,46914.03
07/20/2021,Maluku,4.72%,1,1848923,46914.03
07/21/2021,Maluku,4.75%,1,1848923,46914.03
07/22/2021,Maluku,4.78%,1,1848923,46914.03
07/23/2021,Maluku,4.81%,1,1848923,46914.03
07/24/2021,Maluku,5.11%,1,1848923,46914.03
07/25/2021,Maluku,5.11%,1,1848923,46914.03
07/26/2021,Maluku,5.30%,1,1848923,46914.03
07/27/2021,Maluku,5.48%,1,1848923,46914.03
07/28/2021,Maluku,5.66%,1,1848923,46914.03
07/29/2021,Maluku,5.79%,1,1848923,46914.03
07/30/2021,Maluku,5.97%,1,1848923,46914.03
07/31/2021,Maluku,6.05%,1,1848923,46914.03
08/01/2021,Maluku,6.05%,1,1848923,46914.03
08/02/2021,Maluku,6.21%,1,1848923,46914.03
08/03/2021,Maluku,6.37%,1,1848923,46914.03
08/04/2021,Maluku,6.55%,1,1848923,46914.03
08/05/2021,Maluku,6.69%,1,1848923,46914.03
07/05/2021,NTB,4.77%,1,5320092,18572.32
07/06/2021,NTB,4.79%,1,5320092,18572.32
07/07/2021,NTB,4.81%,1,5320092,18572.32
07/08/2021,NTB,4.84%,1,5320092,18572.32
07/09/2021,NTB,4.86%,1,5320092,18572.32
07/10/2021,NTB,4.89%,1,5320092,18572.32
07/11/2021,NTB,4.89%,1,5320092,18572.32
07/12/2021,NTB,4.92%,1,5320092,18572.32
07/13/2021,NTB,4.96%,1,5320092,18572.32
07/14/2021,NTB,5.00%,1,5320092,18572.32
07/15/2021,NTB,5.03%,1,5320092,18572.32
07/16/2021,NTB,5.04%,1,5320092,18572.32
07/17/2021,NTB,5.06%,1,5320092,18572.32
07/18/2021,NTB,5.06%,1,5320092,18572.32
07/19/2021,NTB,5.08%,1,5320092,18572.32
07/20/2021,NTB,5.08%,1,5320092,18572.32
07/21/2021,NTB,5.09%,1,5320092,18572.32
07/22/2021,NTB,5.13%,1,5320092,18572.32
07/23/2021,NTB,5.17%,1,5320092,18572.32
07/24/2021,NTB,5.27%,1,5320092,18572.32
07/25/2021,NTB,5.27%,1,5320092,18572.32
07/26/2021,NTB,5.36%,1,5320092,18572.32
07/27/2021,NTB,5.41%,1,5320092,18572.32
07/28/2021,NTB,5.44%,1,5320092,18572.32
07/29/2021,NTB,5.47%,1,5320092,18572.32
07/30/2021,NTB,5.47%,1,5320092,18572.32
07/31/2021,NTB,5.52%,1,5320092,18572.32
08/01/2021,NTB,5.52%,1,5320092,18572.32
08/02/2021,NTB,5.56%,1,5320092,18572.32
08/03/2021,NTB,5.70%,1,5320092,18572.32
08/04/2021,NTB,5.81%,1,5320092,18572.32
08/05/2021,NTB,5.98%,1,5320092,18572.32
07/05/2021,Sulawesi Tengah,4.52%,1,2985734,61841.29
07/06/2021,Sulawesi Tengah,4.58%,1,2985734,61841.29
07/07/2021,Sulawesi Tengah,4.68%,1,2985734,61841.29
07/08/2021,Sulawesi Tengah,4.75%,1,2985734,61841.29
07/09/2021,Sulawesi Tengah,4.82%,1,2985734,61841.29
07/10/2021,Sulawesi Tengah,4.92%,1,2985734,61841.29
07/11/2021,Sulawesi Tengah,4.93%,1,2985734,61841.29
07/12/2021,Sulawesi Tengah,5.00%,1,2985734,61841.29
07/13/2021,Sulawesi Tengah,5.06%,1,2985734,61841.29
07/14/2021,Sulawesi Tengah,5.16%,1,2985734,61841.29
07/15/2021,Sulawesi Tengah,5.24%,1,2985734,61841.29
07/16/2021,Sulawesi Tengah,5.31%,1,2985734,61841.29
07/17/2021,Sulawesi Tengah,5.38%,1,2985734,61841.29
07/18/2021,Sulawesi Tengah,5.39%,1,2985734,61841.29
07/19/2021,Sulawesi Tengah,5.44%,1,2985734,61841.29
07/20/2021,Sulawesi Tengah,5.45%,1,2985734,61841.29
07/21/2021,Sulawesi Tengah,5.52%,1,2985734,61841.29
07/22/2021,Sulawesi Tengah,5.63%,1,2985734,61841.29
07/23/2021,Sulawesi Tengah,5.74%,1,2985734,61841.29
07/24/2021,Sulawesi Tengah,6.01%,1,2985734,61841.29
07/25/2021,Sulawesi Tengah,6.02%,1,2985734,61841.29
07/26/2021,Sulawesi Tengah,6.20%,1,2985734,61841.29
07/27/2021,Sulawesi Tengah,6.38%,1,2985734,61841.29
07/28/2021,Sulawesi Tengah,6.51%,1,2985734,61841.29
07/29/2021,Sulawesi Tengah,6.64%,1,2985734,61841.29
07/30/2021,Sulawesi Tengah,6.71%,1,2985734,61841.29
07/31/2021,Sulawesi Tengah,6.77%,1,2985734,61841.29
08/01/2021,Sulawesi Tengah,6.79%,1,2985734,61841.29
08/02/2021,Sulawesi Tengah,6.84%,1,2985734,61841.29
08/03/2021,Sulawesi Tengah,6.92%,1,2985734,61841.29
08/04/2021,Sulawesi Tengah,7.06%,1,2985734,61841.29
08/05/2021,Sulawesi Tengah,7.21%,1,2985734,61841.29
07/05/2021,Sumatera Barat,3.63%,1,5534472,42012.89
07/06/2021,Sumatera Barat,3.67%,1,5534472,42012.89
07/07/2021,Sumatera Barat,3.71%,1,5534472,42012.89
07/08/2021,Sumatera Barat,3.75%,1,5534472,42012.89
07/09/2021,Sumatera Barat,3.77%,1,5534472,42012.89
07/10/2021,Sumatera Barat,3.80%,1,5534472,42012.89
07/11/2021,Sumatera Barat,3.80%,1,5534472,42012.89
07/12/2021,Sumatera Barat,3.85%,1,5534472,42012.89
07/13/2021,Sumatera Barat,3.91%,1,5534472,42012.89
07/14/2021,Sumatera Barat,3.97%,1,5534472,42012.89
07/15/2021,Sumatera Barat,4.02%,1,5534472,42012.89
07/16/2021,Sumatera Barat,4.07%,1,5534472,42012.89
07/17/2021,Sumatera Barat,4.13%,1,5534472,42012.89
07/18/2021,Sumatera Barat,4.13%,1,5534472,42012.89
07/19/2021,Sumatera Barat,4.20%,1,5534472,42012.89
07/20/2021,Sumatera Barat,4.20%,1,5534472,42012.89
07/21/2021,Sumatera Barat,4.27%,1,5534472,42012.89
07/22/2021,Sumatera Barat,4.38%,1,5534472,42012.89
07/23/2021,Sumatera Barat,4.46%,1,5534472,42012.89
07/24/2021,Sumatera Barat,4.64%,1,5534472,42012.89
07/25/2021,Sumatera Barat,4.64%,1,5534472,42012.89
07/26/2021,Sumatera Barat,4.80%,1,5534472,42012.89
07/27/2021,Sumatera Barat,4.93%,1,5534472,42012.89
07/28/2021,Sumatera Barat,5.03%,1,5534472,42012.89
07/29/2021,Sumatera Barat,5.13%,1,5534472,42012.89
07/30/2021,Sumatera Barat,5.18%,1,5534472,42012.89
07/31/2021,Sumatera Barat,5.25%,1,5534472,42012.89
08/01/2021,Sumatera Barat,5.26%,1,5534472,42012.89
08/02/2021,Sumatera Barat,5.38%,1,5534472,42012.89
08/03/2021,Sumatera Barat,5.53%,1,5534472,42012.89
08/04/2021,Sumatera Barat,5.73%,1,5534472,42012.89
08/05/2021,Sumatera Barat,5.93%,1,5534472,42012.89
07/05/2021,Kalimantan Selatan,6.09%,1,4073584,38744.23
07/06/2021,Kalimantan Selatan,6.14%,1,4073584,38744.23
07/07/2021,Kalimantan Selatan,6.22%,1,4073584,38744.23
07/08/2021,Kalimantan Selatan,6.25%,1,4073584,38744.23
07/09/2021,Kalimantan Selatan,6.26%,1,4073584,38744.23
07/10/2021,Kalimantan Selatan,6.29%,1,4073584,38744.23
07/11/2021,Kalimantan Selatan,6.29%,1,4073584,38744.23
07/12/2021,Kalimantan Selatan,6.34%,1,4073584,38744.23
07/13/2021,Kalimantan Selatan,6.45%,1,4073584,38744.23
07/14/2021,Kalimantan Selatan,6.56%,1,4073584,38744.23
07/15/2021,Kalimantan Selatan,6.63%,1,4073584,38744.23
07/16/2021,Kalimantan Selatan,6.66%,1,4073584,38744.23
07/17/2021,Kalimantan Selatan,6.72%,1,4073584,38744.23
07/18/2021,Kalimantan Selatan,6.72%,1,4073584,38744.23
07/19/2021,Kalimantan Selatan,6.78%,1,4073584,38744.23
07/20/2021,Kalimantan Selatan,6.78%,1,4073584,38744.23
07/21/2021,Kalimantan Selatan,6.85%,1,4073584,38744.23
07/22/2021,Kalimantan Selatan,6.97%,1,4073584,38744.23
07/23/2021,Kalimantan Selatan,6.99%,1,4073584,38744.23
07/24/2021,Kalimantan Selatan,7.22%,1,4073584,38744.23
07/25/2021,Kalimantan Selatan,7.24%,1,4073584,38744.23
07/26/2021,Kalimantan Selatan,7.41%,1,4073584,38744.23
07/27/2021,Kalimantan Selatan,7.60%,1,4073584,38744.23
07/28/2021,Kalimantan Selatan,7.74%,1,4073584,38744.23
07/29/2021,Kalimantan Selatan,7.90%,1,4073584,38744.23
07/30/2021,Kalimantan Selatan,7.94%,1,4073584,38744.23
07/31/2021,Kalimantan Selatan,8.06%,1,4073584,38744.23
08/01/2021,Kalimantan Selatan,8.06%,1,4073584,38744.23
08/02/2021,Kalimantan Selatan,8.11%,1,4073584,38744.23
08/03/2021,Kalimantan Selatan,8.15%,1,4073584,38744.23
08/04/2021,Kalimantan Selatan,8.27%,1,4073584,38744.23
08/05/2021,Kalimantan Selatan,8.53%,1,4073584,38744.23
07/05/2021,Kalimantan Barat,3.99%,1,5414390,147307
07/06/2021,Kalimantan Barat,4.04%,1,5414390,147307
07/07/2021,Kalimantan Barat,4.09%,1,5414390,147307
07/08/2021,Kalimantan Barat,4.15%,1,5414390,147307
07/09/2021,Kalimantan Barat,4.20%,1,5414390,147307
07/10/2021,Kalimantan Barat,4.22%,1,5414390,147307
07/11/2021,Kalimantan Barat,4.23%,1,5414390,147307
07/12/2021,Kalimantan Barat,4.30%,1,5414390,147307
07/13/2021,Kalimantan Barat,4.41%,1,5414390,147307
07/14/2021,Kalimantan Barat,4.54%,1,5414390,147307
07/15/2021,Kalimantan Barat,4.67%,1,5414390,147307
07/16/2021,Kalimantan Barat,4.78%,1,5414390,147307
07/17/2021,Kalimantan Barat,4.88%,1,5414390,147307
07/18/2021,Kalimantan Barat,4.88%,1,5414390,147307
07/19/2021,Kalimantan Barat,5.00%,1,5414390,147307
07/20/2021,Kalimantan Barat,5.01%,1,5414390,147307
07/21/2021,Kalimantan Barat,5.19%,1,5414390,147307
07/22/2021,Kalimantan Barat,5.41%,1,5414390,147307
07/23/2021,Kalimantan Barat,5.55%,1,5414390,147307
07/24/2021,Kalimantan Barat,5.70%,1,5414390,147307
07/25/2021,Kalimantan Barat,5.72%,1,5414390,147307
07/26/2021,Kalimantan Barat,5.87%,1,5414390,147307
07/27/2021,Kalimantan Barat,6.05%,1,5414390,147307
07/28/2021,Kalimantan Barat,6.25%,1,5414390,147307
07/29/2021,Kalimantan Barat,6.47%,1,5414390,147307
07/30/2021,Kalimantan Barat,6.61%,1,5414390,147307
07/31/2021,Kalimantan Barat,6.73%,1,5414390,147307
08/01/2021,Kalimantan Barat,6.79%,1,5414390,147307
08/02/2021,Kalimantan Barat,6.97%,1,5414390,147307
08/03/2021,Kalimantan Barat,7.16%,1,5414390,147307
08/04/2021,Kalimantan Barat,7.41%,1,5414390,147307
08/05/2021,Kalimantan Barat,7.70%,1,5414390,147307
07/05/2021,Papua,5.00%,1,4303707,319036.05
07/06/2021,Papua,5.03%,1,4303707,319036.05
07/07/2021,Papua,5.09%,1,4303707,319036.05
07/08/2021,Papua,5.13%,1,4303707,319036.05
07/09/2021,Papua,5.18%,1,4303707,319036.05
07/10/2021,Papua,5.22%,1,4303707,319036.05
07/11/2021,Papua,5.23%,1,4303707,319036.05
07/12/2021,Papua,5.28%,1,4303707,319036.05
07/13/2021,Papua,5.33%,1,4303707,319036.05
07/14/2021,Papua,5.39%,1,4303707,319036.05
07/15/2021,Papua,5.44%,1,4303707,319036.05
07/16/2021,Papua,5.49%,1,4303707,319036.05
07/17/2021,Papua,5.52%,1,4303707,319036.05
07/18/2021,Papua,5.52%,1,4303707,319036.05
07/19/2021,Papua,5.57%,1,4303707,319036.05
07/20/2021,Papua,5.57%,1,4303707,319036.05
07/21/2021,Papua,5.62%,1,4303707,319036.05
07/22/2021,Papua,5.69%,1,4303707,319036.05
07/23/2021,Papua,5.74%,1,4303707,319036.05
07/24/2021,Papua,5.95%,1,4303707,319036.05
07/25/2021,Papua,5.95%,1,4303707,319036.05
07/26/2021,Papua,6.05%,1,4303707,319036.05
07/27/2021,Papua,6.16%,1,4303707,319036.05
07/28/2021,Papua,6.28%,1,4303707,319036.05
07/29/2021,Papua,6.39%,1,4303707,319036.05
07/30/2021,Papua,6.48%,1,4303707,319036.05
07/31/2021,Papua,6.63%,1,4303707,319036.05
08/01/2021,Papua,6.66%,1,4303707,319036.05
08/02/2021,Papua,6.84%,1,4303707,319036.05
08/03/2021,Papua,7.10%,1,4303707,319036.05
08/04/2021,Papua,7.36%,1,4303707,319036.05
08/05/2021,Papua,7.60%,1,4303707,319036.05
07/05/2021,Lampung,3.35%,1,9007848,34623.8
07/06/2021,Lampung,3.42%,1,9007848,34623.8
07/07/2021,Lampung,3.49%,1,9007848,34623.8
07/08/2021,Lampung,3.56%,1,9007848,34623.8
07/09/2021,Lampung,3.60%,1,9007848,34623.8
07/10/2021,Lampung,3.62%,1,9007848,34623.8
07/11/2021,Lampung,3.62%,1,9007848,34623.8
07/12/2021,Lampung,3.69%,1,9007848,34623.8
07/13/2021,Lampung,3.78%,1,9007848,34623.8
07/14/2021,Lampung,3.86%,1,9007848,34623.8
07/15/2021,Lampung,3.95%,1,9007848,34623.8
07/16/2021,Lampung,3.99%,1,9007848,34623.8
07/17/2021,Lampung,4.01%,1,9007848,34623.8
07/18/2021,Lampung,4.01%,1,9007848,34623.8
07/19/2021,Lampung,4.06%,1,9007848,34623.8
07/20/2021,Lampung,4.06%,1,9007848,34623.8
07/21/2021,Lampung,4.12%,1,9007848,34623.8
07/22/2021,Lampung,4.20%,1,9007848,34623.8
07/23/2021,Lampung,4.24%,1,9007848,34623.8
07/24/2021,Lampung,4.66%,1,9007848,34623.8
07/25/2021,Lampung,4.68%,1,9007848,34623.8
07/26/2021,Lampung,5.06%,1,9007848,34623.8
07/27/2021,Lampung,5.29%,1,9007848,34623.8
07/28/2021,Lampung,5.46%,1,9007848,34623.8
07/29/2021,Lampung,5.57%,1,9007848,34623.8
07/30/2021,Lampung,5.63%,1,9007848,34623.8
07/31/2021,Lampung,5.68%,1,9007848,34623.8
08/01/2021,Lampung,5.69%,1,9007848,34623.8
08/02/2021,Lampung,5.83%,1,9007848,34623.8
08/03/2021,Lampung,5.90%,1,9007848,34623.8
08/04/2021,Lampung,6.00%,1,9007848,34623.8
08/05/2021,Lampung,6.12%,1,9007848,34623.8